IDpassageiro,Nome,Sobrenome,Deck,NumeroCabine,PosicaoCabine,Procedencia,Destino,Idade,VIP,AllInclusive,ServicoCabine,Restaurante,Shopping,SPA,ParquedeAguas,Sobrevivente
1778_01,Stanya Adkinson,Adkinson,C,388,S,Ukraine,Poland,0,FALSE,TRUE,1463,589,2628,575,97,TRUE
5194_01,Sabi Ainatint,Ainatint,A,1051,P,China,France,11,TRUE,TRUE,333,204,7126,1640,387,TRUE
8475_02,Shellum Aindlylid,Aindlylid,F,620,P,China,China,27,TRUE,FALSE,573,1274,3903,1321,558,TRUE
3412_03,Batrix Ainserfle,Ainserfle,F,1349,S,Indonesia,China,7,TRUE,FALSE,266,1215,9171,2897,574,TRUE
5089_01,Alrakan Aivering,Aivering,B,1117,P,Russia,Thailand,68,TRUE,FALSE,1736,512,14450,1371,271,TRUE
2074_01,Sadir Alaring,Alaring,B,547,S,Indonesia,Indonesia,52,TRUE,FALSE,420,258,13212,2189,6,TRUE
5740_02,Unukath Alaxed,Alaxed,C,264,S,France,China,49,TRUE,FALSE,819,613,6377,1758,442,TRUE
8719_02,Astrak Alcemblery,Alcemblery,C,388,S,Brazil,Russia,49,FALSE,FALSE,1691,353,297,230,106,TRUE
5763_02,Erick Alentonway,Alentonway,A,847,S,Russia,France,3,FALSE,TRUE,1611,750,7851,1946,568,TRUE
2026_03,Heald Alldson,Alldson,E,1283,S,Guam,China,35,TRUE,FALSE,489,530,2064,678,29,TRUE
0110_04,Izark Aloubtled,Aloubtled,D,60,P,Sweden,France,51,TRUE,FALSE,1492,818,7616,2090,507,FALSE
1331_01,Cathya Alshipson,Alshipson,F,939,S,Sudan,Zimbabwe,79,FALSE,FALSE,341,241,2787,2311,385,FALSE
1211_01,Andyn Alvasquez,Alvasquez,H,1005,S,Indonesia,Philippines,63,TRUE,TRUE,320,832,8223,1940,249,FALSE
4428_01,Ranopus Ambleeve,Ambleeve,A,566,S,China,Central African Republic,79,TRUE,TRUE,10,703,6176,2465,424,TRUE
8885_01,Squars Anake,Anake,C,514,P,Ecuador,China,54,TRUE,TRUE,1495,841,6930,42,590,TRUE
6186_01,Tot Ancy,Ancy,D,86,P,France,United States,8,FALSE,TRUE,926,734,15179,608,637,TRUE
9132_02,Pil Ancy,Ancy,C,656,P,Ukraine,Chile,19,FALSE,TRUE,1441,692,13158,718,253,TRUE
6709_01,Lanedy Antoshipson,Antoshipson,A,1251,S,Indonesia,South Sudan,54,TRUE,TRUE,676,289,11929,1880,346,FALSE
5363_01,Crowk Apeau,Apeau,A,588,S,France,Czech Republic,40,FALSE,FALSE,1083,195,3798,533,2,TRUE
5825_01,Betenar Apenelexy,Apenelexy,E,1001,S,Indonesia,Zambia,22,FALSE,TRUE,988,1024,9356,1710,580,FALSE
5058_02,Gork Apie,Apie,H,905,S,United States,Sweden,60,FALSE,TRUE,263,418,12415,1969,537,FALSE
1391_03,Frunch Apie,Apie,F,272,P,China,Poland,46,FALSE,TRUE,242,1024,4057,2369,265,FALSE
0211_01,Pebuts Appie,Appie,B,654,S,Brazil,Spain,23,TRUE,FALSE,1090,282,6974,2336,368,TRUE
7219_05,Anchab Arible,Arible,C,742,P,China,Russia,4,FALSE,FALSE,1413,1271,7317,602,542,FALSE
7219_03,Dirk Arible,Arible,A,12,P,Japan,Morocco,32,FALSE,FALSE,718,136,13515,1504,704,TRUE
7219_06,Isoton Arible,Arible,B,748,S,Nigeria,Poland,16,TRUE,TRUE,1584,1355,4788,1645,549,FALSE
5535_02,Meline Arner,Arner,G,922,P,China,Colombia,70,TRUE,FALSE,1712,851,8591,565,104,TRUE
7692_01,Meropus Aroodint,Aroodint,D,1138,P,Russia,Colombia,66,TRUE,FALSE,635,730,2029,961,188,TRUE
7027_01,Jonaye Ashipeck,Ashipeck,A,165,P,China,Georgia,8,FALSE,FALSE,656,1270,2320,1560,533,TRUE
8056_02,Marrai Ausivetpul,Ausivetpul,C,1150,S,Brazil,Indonesia,69,TRUE,TRUE,603,792,13718,2869,364,FALSE
0304_01,Betena Ausivetpul,Ausivetpul,A,304,P,China,France,73,TRUE,FALSE,498,687,1451,1275,629,FALSE
8056_01,Ionium Ausivetpul,Ausivetpul,F,1171,S,Cuba,Czech Republic,74,TRUE,TRUE,1198,480,4908,673,516,FALSE
4204_03,Gailya Avisnydes,Avisnydes,A,386,S,Portugal,Argentina,7,FALSE,FALSE,275,395,2159,1862,79,FALSE
1746_01,Clers Bache,Bache,H,283,S,Indonesia,Russia,16,FALSE,TRUE,1167,43,13675,702,468,TRUE
4645_01,Aton Bacistion,Bacistion,A,1155,S,Norway,China,73,TRUE,FALSE,1146,1021,3770,508,223,TRUE
0506_01,Kad Backe,Backe,C,1105,S,Russia,Philippines,52,FALSE,TRUE,1739,819,8568,628,360,TRUE
8244_01,Naomin Bailes,Bailes,G,42,S,Indonesia,Netherlands,17,TRUE,TRUE,591,257,4625,510,175,TRUE
9031_01,Noria Bairdyork,Bairdyork,G,220,S,Uganda,Indonesia,8,TRUE,TRUE,817,1015,5943,1108,671,FALSE
4552_01,Cinst Bake,Bake,B,572,P,Canada,South Africa,69,FALSE,TRUE,723,370,451,1088,255,FALSE
7411_01,Racy Bakericks,Bakericks,D,211,S,Sweden,Ecuador,48,TRUE,FALSE,1000,83,4805,108,295,FALSE
4470_01,Emmax Baketton,Baketton,A,1307,S,Bulgaria,Democratic Republic of the Congo,13,FALSE,TRUE,1591,677,6632,2692,176,TRUE
7425_01,Milyla Balderts,Balderts,C,345,S,China,China,63,TRUE,FALSE,894,170,6177,2143,24,TRUE
3211_01,Stal Baldson,Baldson,H,784,S,Indonesia,Sweden,52,TRUE,FALSE,1104,581,1902,2278,686,FALSE
4558_01,Wezna Baleful,Baleful,G,47,P,Mexico,Croatia,13,FALSE,FALSE,1682,280,11113,2943,677,TRUE
3103_01,Aldibah Baleful,Baleful,F,849,S,Turkmenistan,Iran,53,FALSE,TRUE,802,1216,1912,651,261,TRUE
5229_01,Allene Balley,Balley,E,1245,S,United States,Ecuador,45,TRUE,TRUE,871,386,5469,2852,449,TRUE
2867_01,Smats Bane,Bane,H,864,S,Thailand,Russia,77,TRUE,TRUE,939,1315,9408,2495,380,TRUE
4912_02,Bats Bane,Bane,F,299,P,China,China,31,TRUE,FALSE,484,385,8670,789,317,TRUE
7045_01,Range Bara,Bara,B,1293,P,Czech Republic,Faroe Islands,45,FALSE,FALSE,928,732,6300,2317,384,FALSE
6361_01,Alvia Barbes,Barbes,F,1300,P,China,Indonesia,31,TRUE,FALSE,124,287,10530,616,169,TRUE
1624_02,Dorice Barbes,Barbes,H,1278,S,Poland,China,31,TRUE,TRUE,1535,346,3229,2631,608,FALSE
2439_01,Ninald Bardinard,Bardinard,B,400,P,China,Peru,50,FALSE,FALSE,477,158,5751,2410,392,TRUE
7419_02,Lerion Bardson,Bardson,A,353,S,China,United States,12,FALSE,FALSE,850,893,8817,1527,700,FALSE
7393_01,Coracy Barks,Barks,E,220,S,Paraguay,Indonesia,61,FALSE,FALSE,512,27,12737,1183,11,TRUE
0893_01,Rica Barris,Barris,D,609,S,Brazil,Georgia,19,FALSE,FALSE,1460,421,7644,721,658,TRUE
9036_01,Ninald Barris,Barris,C,934,S,Russia,China,61,TRUE,FALSE,799,70,820,1187,354,TRUE
6376_01,Cird Barte,Barte,D,354,P,Seychelles,China,46,FALSE,FALSE,128,1397,459,2260,658,FALSE
1940_01,Wins Bate,Bate,C,715,S,Indonesia,Syria,17,TRUE,FALSE,422,1085,7394,1747,534,TRUE
5039_03,Rionk Bate,Bate,B,768,P,China,Sweden,52,FALSE,TRUE,1243,737,2564,1617,314,TRUE
1687_01,Bases Batte,Batte,E,14,P,China,Ireland,27,TRUE,TRUE,730,479,3137,214,23,FALSE
8055_01,Joeula Baxterson,Baxterson,E,105,P,Pakistan,Afghanistan,36,TRUE,FALSE,1633,1258,1524,668,169,TRUE
6939_01,Blanie Bears,Bears,B,543,P,Lebanon,Croatia,73,TRUE,FALSE,1463,1422,4772,2564,247,FALSE
2720_01,Felice Beckeey,Beckeey,D,223,P,Malaysia,Philippines,13,TRUE,TRUE,1491,610,13300,2133,366,FALSE
5965_01,Ricke Beckerson,Beckerson,F,710,P,China,United States,36,FALSE,TRUE,768,1416,2378,1259,705,FALSE
0114_01,Maura Beckerson,Beckerson,E,1198,S,Belize,Sweden,11,FALSE,TRUE,228,254,11089,164,280,FALSE
0320_02,Garley Bellarkerd,Bellarkerd,G,439,S,Poland,United States,8,TRUE,TRUE,989,741,9497,1939,599,TRUE
2361_02,Megany Belley,Belley,H,832,P,Indonesia,China,34,FALSE,FALSE,1108,851,8054,1092,535,FALSE
7830_01,Briane Belley,Belley,A,1287,P,Portugal,Indonesia,55,TRUE,FALSE,1509,553,7006,2946,452,TRUE
8378_01,Glena Bellyonsley,Bellyonsley,B,186,S,Costa Rica,Portugal,27,FALSE,FALSE,1267,145,789,2513,590,FALSE
0011_01,Elle Bertsontry,Bertsontry,F,144,S,El Salvador,Ireland,30,TRUE,TRUE,1123,428,9471,1326,256,FALSE
0007_01,Andona Beston,Beston,H,786,S,Japan,United States,14,TRUE,TRUE,1149,1072,10366,34,478,FALSE
1488_01,Powhex Betie,Betie,H,1042,P,Japan,Portugal,19,FALSE,TRUE,1619,1042,1638,1700,33,TRUE
7310_01,Toale Bette,Bette,H,1101,S,Thailand,Indonesia,1,FALSE,TRUE,1729,598,4065,1966,638,TRUE
6139_01,Azhasim Bewarsecal,Bewarsecal,H,551,P,China,Bangladesh,45,TRUE,TRUE,1566,1280,1874,566,653,TRUE
5814_06,Feles Bine,Bine,H,1191,S,China,Indonesia,26,TRUE,TRUE,361,852,2103,2806,702,TRUE
0470_01,Aptal Binie,Binie,E,1252,P,Colombia,Brazil,37,FALSE,TRUE,104,731,2615,1673,165,TRUE
7984_04,Guakes Birt,Birt,C,1000,S,Philippines,Croatia,61,FALSE,FALSE,1095,221,12881,1356,243,TRUE
1402_02,Leony Blacks,Blacks,A,839,S,Malaysia,China,63,TRUE,TRUE,1381,460,13858,944,556,FALSE
0221_01,Cowhex Blan,Blan,C,1328,P,China,France,15,TRUE,TRUE,324,681,8972,1021,672,FALSE
1736_01,Therry Blancoy,Blancoy,G,546,S,China,Vietnam,62,TRUE,TRUE,104,724,6394,2330,9,TRUE
5325_01,Wandy Blandez,Blandez,B,591,P,Russia,Colombia,50,TRUE,FALSE,1220,204,8807,2558,662,FALSE
5555_01,Winia Blanglison,Blanglison,H,863,S,China,Switzerland,6,TRUE,FALSE,953,305,12990,472,614,TRUE
8210_01,Crat Ble,Ble,F,1275,S,Sweden,Brazil,46,TRUE,FALSE,1193,1292,14464,381,334,TRUE
5223_01,Munda Ble,Ble,H,481,P,Kosovo,China,62,FALSE,TRUE,452,534,1236,1436,583,TRUE
7387_01,Okulas Blercat,Blercat,D,1365,P,Brazil,France,17,FALSE,TRUE,1691,256,4611,2524,546,TRUE
4463_02,Ionium Boltund,Boltund,H,490,S,Yemen,Colombia,56,TRUE,FALSE,1241,984,659,210,413,FALSE
3036_01,Penne Booneid,Booneid,F,1293,S,China,Pakistan,35,FALSE,TRUE,713,1406,12153,1537,583,TRUE
0575_01,Minoton Bootty,Bootty,C,756,S,Serbia,Ghana,33,TRUE,TRUE,693,241,5821,2688,636,TRUE
6157_01,Weros Bost,Bost,H,1236,S,Sweden,Vietnam,66,TRUE,TRUE,978,480,10625,2211,374,TRUE
6367_02,Cank Botte,Botte,A,234,S,Thailand,China,0,FALSE,TRUE,1544,880,5018,2928,85,FALSE
6367_01,Hal Botte,Botte,B,248,S,Peru,Serbia,13,FALSE,TRUE,164,523,5771,835,512,TRUE
5413_01,Lorey Boyerson,Boyerson,G,1314,P,Argentina,China,48,TRUE,FALSE,1417,1383,566,2771,587,TRUE
2360_01,Dorene Boyersons,Boyersons,H,1297,P,Seychelles,Peru,44,TRUE,FALSE,1546,1341,1380,2477,102,TRUE
7007_01,Luxons Bradissive,Bradissive,H,488,P,China,Philippines,30,TRUE,TRUE,1682,628,2588,2467,48,FALSE
5673_01,Pattin Bradlerson,Bradlerson,A,478,S,Philippines,Indonesia,34,TRUE,FALSE,1379,1146,10622,2456,702,TRUE
9205_03,Propent Brakeng,Brakeng,C,75,P,North Korea,Brazil,45,TRUE,FALSE,55,484,10674,2139,418,TRUE
9205_01,Thaldah Brakeng,Brakeng,C,781,S,Indonesia,Argentina,46,TRUE,FALSE,711,204,2209,1806,692,FALSE
0291_01,Castab Brakeril,Brakeril,D,369,S,China,Ukraine,70,FALSE,FALSE,893,111,2749,253,16,FALSE
5361_01,Elica Brantuarez,Brantuarez,C,390,S,Democratic Republic of the Congo,Mexico,68,TRUE,FALSE,929,630,12123,1391,240,TRUE
4664_01,Weney Braymon,Braymon,C,259,P,Belarus,Ukraine,37,FALSE,TRUE,342,863,11938,1720,306,TRUE
3868_06,Line Braymon,Braymon,B,1222,P,Mexico,Canada,4,TRUE,TRUE,1708,512,12614,1453,513,TRUE
3868_01,Brie Braymon,Braymon,A,320,P,China,China,24,FALSE,FALSE,378,415,7228,516,248,FALSE
4885_01,Jagles Bre,Bre,B,567,S,Nicaragua,Vietnam,25,TRUE,FALSE,1463,34,3320,280,431,TRUE
4927_02,Naish Brele,Brele,G,21,S,Thailand,Brazil,25,TRUE,TRUE,1109,1155,13595,2317,584,TRUE
2876_01,Andyn Brenney,Brenney,G,991,S,China,Indonesia,67,FALSE,TRUE,1703,420,12086,1659,585,FALSE
5834_01,Sterry Brenney,Brenney,B,761,S,China,China,71,TRUE,FALSE,1587,161,4106,2896,675,TRUE
3968_01,Louisa Briggins,Briggins,C,692,S,Indonesia,Russia,75,FALSE,FALSE,461,532,12145,2154,319,TRUE
5206_02,Myrace Briggston,Briggston,C,269,P,Portugal,Canada,63,TRUE,TRUE,713,569,5076,2944,628,TRUE
8014_01,Letty Brightez,Brightez,H,1215,S,China,China,55,TRUE,FALSE,1580,439,2850,1214,543,FALSE
6570_01,Shard Brightez,Brightez,G,1053,S,China,China,35,FALSE,FALSE,552,1242,14088,1636,283,TRUE
0602_02,Oats Brine,Brine,F,1234,P,Indonesia,Vietnam,7,TRUE,TRUE,464,1354,536,272,403,TRUE
7327_01,Bler Brity,Brity,F,1123,S,Malaysia,Russia,17,FALSE,TRUE,579,1013,7692,611,84,FALSE
4801_01,Vana Brooke,Brooke,D,259,S,Russia,Indonesia,51,TRUE,TRUE,995,393,15225,386,322,TRUE
6868_01,Jerek Brookenson,Brookenson,B,1285,S,Libya,Mauritania,10,FALSE,TRUE,1183,742,4929,411,689,TRUE
2367_01,Mela Brookes,Brookes,G,177,S,France,Brazil,74,TRUE,TRUE,1087,1050,5120,1419,47,FALSE
8118_01,Eilace Browlerson,Browlerson,B,450,S,Colombia,Russia,45,FALSE,FALSE,1734,296,12143,1361,5,FALSE
2087_01,Olliey Brownings,Brownings,G,1121,P,Greece,Philippines,61,FALSE,TRUE,352,1001,2844,1398,15,TRUE
7235_01,Cherkab Bruthydre,Bruthydre,G,777,S,Indonesia,China,27,TRUE,TRUE,1392,60,8142,939,606,TRUE
3674_01,Ebonya Buchansen,Buchansen,B,310,S,Thailand,China,31,TRUE,FALSE,1517,40,12257,1266,556,TRUE
3324_02,Guink Buche,Buche,G,1161,P,Nigeria,Russia,5,TRUE,FALSE,888,708,5014,1670,10,TRUE
5414_04,Eduana Buckentry,Buckentry,G,209,P,Indonesia,Russia,51,FALSE,TRUE,316,971,2212,2055,188,FALSE
3737_02,Ellana Bucklandez,Bucklandez,E,333,S,Argentina,Palestinian Territory,59,TRUE,TRUE,820,302,4462,1309,280,TRUE
3610_02,Darrie Buckleinson,Buckleinson,D,1176,S,France,China,46,TRUE,TRUE,75,943,1750,798,698,TRUE
3572_01,Coren Bucknersony,Bucknersony,E,469,S,Ukraine,Hong Kong,54,TRUE,TRUE,808,323,6250,2926,385,TRUE
6481_01,Jayne Bulliamoses,Bulliamoses,G,728,S,Poland,China,13,FALSE,TRUE,1627,312,14161,552,480,TRUE
8727_01,Hencey Bulliamoses,Bulliamoses,G,725,S,Brazil,Finland,9,FALSE,FALSE,1067,676,2056,993,177,TRUE
4884_01,Tors Buncy,Buncy,A,1115,P,Kazakhstan,Bosnia and Herzegovina,7,FALSE,TRUE,204,1311,586,164,127,FALSE
8053_01,Spix Burie,Burie,C,283,S,Venezuela,China,52,FALSE,FALSE,1032,341,4303,91,515,FALSE
8366_05,Dorah Burnewman,Burnewman,B,735,S,China,Thailand,62,FALSE,TRUE,1045,1212,9736,2776,449,TRUE
1939_02,Sex Burta,Burta,G,670,P,Indonesia,Pakistan,3,FALSE,FALSE,1128,366,7404,797,247,TRUE
7553_01,Walla Bushafford,Bushafford,A,107,P,China,Indonesia,79,FALSE,TRUE,1461,50,4831,904,45,FALSE
5297_01,Candra Bushallert,Bushallert,D,455,P,Thailand,Russia,60,TRUE,FALSE,733,291,4890,794,367,TRUE
6069_01,Hers Buthe,Buthe,D,463,P,Russia,Philippines,68,FALSE,FALSE,1191,418,4366,1456,487,FALSE
3629_01,Healls Butte,Butte,D,991,P,Italy,Russia,69,TRUE,FALSE,575,306,8986,1802,414,TRUE
1772_01,Cheats Butty,Butty,D,215,S,Brazil,Brazil,44,FALSE,TRUE,312,989,3731,130,687,FALSE
1378_02,Ellena Caineson,Caineson,D,990,P,China,Czech Republic,31,FALSE,TRUE,1581,739,6215,1343,99,FALSE
2595_02,Ban Cakie,Cakie,E,1262,S,Vietnam,Vietnam,23,FALSE,TRUE,1270,399,5659,1993,14,FALSE
5385_01,Hon Cako,Cako,H,604,P,Indonesia,China,70,FALSE,TRUE,707,842,374,837,546,TRUE
3862_06,Bants Cako,Cako,C,1091,S,China,Moldova,32,FALSE,TRUE,1609,489,12142,2325,370,FALSE
5320_01,Errima Callower,Callower,A,173,S,Ukraine,Brazil,26,TRUE,FALSE,1674,609,14648,2608,537,TRUE
9107_01,Eriky Callowery,Callowery,E,145,P,Angola,China,40,TRUE,TRUE,1684,133,25,2625,613,FALSE
7552_01,Jacky Callowery,Callowery,G,999,P,Poland,China,61,TRUE,TRUE,1038,975,14506,2528,548,TRUE
2175_01,Gabria Callowery,Callowery,B,769,S,Thailand,China,53,FALSE,TRUE,996,737,12495,1796,289,FALSE
2029_01,Lyne Camerrison,Camerrison,B,485,S,Philippines,Belarus,75,FALSE,FALSE,764,1415,6837,2838,277,TRUE
6076_01,Therry Cames,Cames,B,684,P,France,Serbia,5,TRUE,FALSE,338,591,1771,833,615,FALSE
5921_01,Vandy Campson,Campson,F,1163,S,Argentina,Sweden,22,TRUE,TRUE,756,1262,12811,702,59,FALSE
4044_03,Rowls Can,Can,D,980,P,Costa Rica,Indonesia,25,FALSE,FALSE,1130,875,5961,2678,341,TRUE
3260_01,Dell Canton,Canton,C,506,P,France,Tanzania,61,TRUE,TRUE,1641,943,14591,1014,112,TRUE
7757_02,Dyonevi Capplid,Capplid,F,1269,S,Malaysia,Sweden,3,FALSE,TRUE,257,349,9330,2154,67,TRUE
5755_01,Loreen Cardner,Cardner,G,326,S,Philippines,Indonesia,40,FALSE,FALSE,1020,379,14763,507,78,TRUE
7180_01,Tany Cardners,Cardners,C,43,P,Greece,Nepal,16,TRUE,FALSE,98,1226,13868,2549,259,FALSE
6525_03,Raceky Cardners,Cardners,H,1013,S,Indonesia,Syria,2,TRUE,FALSE,383,42,6087,1118,158,TRUE
7082_01,Benew Carezquez,Carezquez,H,108,P,Yemen,Indonesia,29,TRUE,TRUE,1500,1051,2154,1312,253,FALSE
8168_06,Camina Carpentley,Carpentley,F,946,P,France,China,37,FALSE,TRUE,189,1032,12196,208,58,FALSE
8168_03,Briane Carpentley,Carpentley,H,1138,P,Peru,Philippines,58,FALSE,TRUE,1604,577,2155,2887,469,TRUE
1603_03,Dessie Carreralend,Carreralend,G,214,S,Sudan,Kazakhstan,33,TRUE,FALSE,510,570,441,448,357,TRUE
4539_01,Sanda Carterson,Carterson,C,1207,P,Indonesia,South Africa,45,FALSE,FALSE,976,1144,6312,2933,474,FALSE
8789_02,Monard Cartez,Cartez,E,142,P,Indonesia,Russia,66,FALSE,FALSE,489,614,8613,1352,197,FALSE
8789_01,Hollie Cartez,Cartez,C,794,P,Russia,Brazil,7,TRUE,FALSE,1457,316,7457,714,257,TRUE
8669_02,Craine Cartiz,Cartiz,A,1164,S,Peru,Mexico,2,TRUE,TRUE,1713,1097,7532,1044,532,FALSE
8687_01,Annon Cartiz,Cartiz,C,335,P,China,Canada,39,FALSE,TRUE,1554,918,1162,144,0,FALSE
2768_03,Doryn Cartz,Cartz,C,1298,P,Ukraine,France,1,FALSE,FALSE,1696,250,736,1764,217,FALSE
2789_01,Idave Carverson,Carverson,H,1049,P,Ukraine,Indonesia,9,TRUE,TRUE,1487,1321,8574,838,375,FALSE
3055_01,Inen Casentry,Casentry,H,740,S,Indonesia,Greece,73,TRUE,FALSE,651,1148,9937,455,628,TRUE
3552_02,Canonon Castery,Castery,F,630,S,Chile,Philippines,48,TRUE,FALSE,1366,368,10593,890,158,TRUE
7790_03,Grawk Casty,Casty,C,1202,S,France,Egypt,76,TRUE,TRUE,509,48,4331,839,426,TRUE
1705_01,Barave Chake,Chake,G,188,S,United States,Russia,62,TRUE,FALSE,142,88,10120,2406,54,FALSE
9021_02,Spros Chake,Chake,C,1014,P,Russia,Malaysia,3,FALSE,TRUE,1026,868,2225,2677,154,TRUE
3964_01,Estina Chanan,Chanan,B,645,S,China,Indonesia,12,TRUE,FALSE,1578,300,8769,2516,90,TRUE
5207_01,Bonyan Chanan,Chanan,F,1149,S,Dominican Republic,China,19,FALSE,FALSE,1093,740,12535,1380,433,FALSE
6978_01,Gwendy Chardsonnon,Chardsonnon,G,1097,P,Indonesia,China,66,TRUE,TRUE,990,167,8178,2752,437,FALSE
3227_01,Eila Chardst,Chardst,E,287,P,Poland,Macedonia,72,TRUE,TRUE,1067,895,4366,2678,118,TRUE
8542_01,Dow Chate,Chate,E,120,P,Indonesia,Thailand,34,FALSE,TRUE,380,1003,6973,1738,5,FALSE
1024_01,Verly Chavezalez,Chavezalez,D,760,P,Philippines,Sweden,7,FALSE,FALSE,6,955,13042,147,570,TRUE
2802_01,Evane Chavezalez,Chavezalez,D,1353,S,Portugal,Cambodia,75,TRUE,TRUE,1177,49,9845,2545,200,FALSE
1908_01,Herms Chcak,Chcak,G,149,P,Indonesia,Russia,60,FALSE,TRUE,188,192,11527,2318,23,FALSE
5465_02,Cings Chité,Chité,D,638,P,Indonesia,United States,13,TRUE,TRUE,1167,885,163,2856,11,FALSE
2540_01,Weers Chort,Chort,D,341,S,France,Italy,2,FALSE,FALSE,713,845,13784,2761,542,TRUE
3229_01,Aino Chpeng,Chpeng,G,890,P,Canada,China,74,TRUE,FALSE,1370,741,12231,2149,238,TRUE
5957_03,Markard Chuble,Chuble,B,1120,S,Angola,Thailand,74,FALSE,FALSE,684,246,3483,1257,411,TRUE
8275_01,Slix Clake,Clake,C,33,S,France,Greece,66,FALSE,FALSE,1130,46,14309,1679,577,FALSE
1861_01,Choney Clake,Clake,C,764,P,France,China,18,FALSE,FALSE,787,1363,5251,1380,225,TRUE
0550_01,Maen Cleminglas,Cleminglas,B,1352,P,Nigeria,Spain,21,TRUE,FALSE,567,264,7118,1205,170,FALSE
5739_01,Courta Cleminglas,Cleminglas,C,38,S,Netherlands,Nigeria,20,TRUE,TRUE,87,1074,5002,2165,667,FALSE
1551_01,Skyrmak Clidly,Clidly,A,1307,S,China,American Samoa,23,TRUE,FALSE,1373,871,7567,1614,411,FALSE
3004_01,Card Clinantones,Clinantones,C,511,P,Czech Republic,Ecuador,73,FALSE,TRUE,914,179,13385,562,277,FALSE
1242_01,Antonon Clugeadry,Clugeadry,A,853,P,Philippines,China,4,TRUE,TRUE,1043,1070,5295,316,307,FALSE
4450_04,Altar Clugete,Clugete,H,795,S,Afghanistan,Philippines,9,TRUE,FALSE,810,1321,4017,2264,563,TRUE
3134_01,Enifik Clughted,Clughted,B,857,S,Dominican Republic,Cuba,60,FALSE,FALSE,85,286,8672,2589,148,FALSE
7324_01,Wezna Clugnobse,Clugnobse,F,646,P,Czech Republic,Mauritania,8,FALSE,FALSE,194,1041,7438,1219,263,FALSE
1829_03,Luxion Clumshangs,Clumshangs,A,631,S,Peru,France,52,TRUE,TRUE,759,961,11869,163,374,TRUE
6360_02,Glueba Clumsty,Clumsty,F,230,S,China,Poland,7,FALSE,FALSE,1285,755,8117,1189,74,FALSE
6443_07,Everly Cochrisons,Cochrisons,G,950,P,China,Mongolia,58,FALSE,FALSE,208,1181,11492,779,202,FALSE
0990_01,Tonia Cochrisons,Cochrisons,D,688,S,Uganda,Colombia,63,TRUE,TRUE,1463,1153,10892,2241,189,TRUE
5887_02,Ryanne Cochrisons,Cochrisons,F,1004,P,Indonesia,Bosnia and Herzegovina,62,FALSE,FALSE,956,432,2417,721,186,TRUE
2306_03,Asellum Colensid,Colensid,B,1185,S,Panama,Indonesia,66,TRUE,FALSE,1024,1256,5960,2836,617,FALSE
2177_01,Clech Colle,Colle,F,541,P,Russia,Philippines,48,FALSE,FALSE,1238,951,6444,48,284,TRUE
5430_01,Inette Colomonson,Colomonson,E,13,S,Uganda,Indonesia,69,FALSE,TRUE,1475,1188,3119,629,172,TRUE
9275_02,Diram Conable,Conable,D,1,P,Brazil,China,38,FALSE,TRUE,54,1332,9990,2571,22,FALSE
1292_01,Scharab Conale,Conale,D,339,S,Brazil,Uruguay,62,TRUE,TRUE,802,1388,6661,232,265,FALSE
7723_01,Sheleb Conate,Conate,H,654,P,China,Indonesia,14,FALSE,TRUE,1508,888,2836,1087,369,FALSE
0684_02,Trohs Conie,Conie,B,496,P,Indonesia,Czech Republic,10,TRUE,FALSE,386,158,5008,1812,448,FALSE
1636_01,Daisya Connelson,Connelson,C,151,S,Russia,Russia,22,FALSE,FALSE,1194,570,11357,1167,490,TRUE
2581_02,Ianya Conney,Conney,A,437,P,France,Ukraine,43,FALSE,TRUE,709,927,5846,1272,292,FALSE
5334_02,Therly Connon,Connon,D,1153,S,China,Colombia,72,FALSE,FALSE,1635,971,1346,2813,10,TRUE
0358_02,Dandy Connon,Connon,B,983,S,Albania,China,13,FALSE,TRUE,88,1035,8108,190,342,FALSE
2009_03,Gluebah Contery,Contery,B,68,P,China,China,37,TRUE,FALSE,1741,1305,12858,2228,354,TRUE
6602_01,Davis Cookson,Cookson,F,867,P,Serbia,Sweden,68,FALSE,FALSE,829,335,349,1951,164,TRUE
2591_01,Adammy Coolerson,Coolerson,G,1306,P,Lithuania,Indonesia,12,FALSE,TRUE,1614,1294,5620,1318,341,FALSE
2591_02,Breney Coolerson,Coolerson,A,166,S,China,Indonesia,41,FALSE,FALSE,654,849,10629,504,454,TRUE
6322_01,Yvonna Cooperkins,Cooperkins,H,1156,P,Russia,France,11,TRUE,FALSE,1718,58,12388,654,128,FALSE
5650_01,Elsane Coopezmaney,Coopezmaney,G,599,S,Colombia,China,53,TRUE,TRUE,214,1062,9112,1723,2,FALSE
9125_02,Luse Corie,Corie,A,418,S,Mexico,China,6,TRUE,TRUE,1073,133,1418,2643,600,FALSE
0877_01,Hallus Covetive,Covetive,E,945,S,Brazil,Myanmar,72,TRUE,FALSE,1463,656,490,2501,195,FALSE
1258_01,Tauva Cowsearney,Cowsearney,C,77,P,Poland,Brazil,62,FALSE,TRUE,942,1401,1968,1113,461,FALSE
9034_02,Errairk Crakete,Crakete,C,413,P,Iraq,China,71,TRUE,FALSE,1647,157,10107,1175,196,FALSE
2520_01,Arrai Crantiale,Crantiale,A,303,S,Colombia,China,68,FALSE,TRUE,178,1182,5436,1370,474,FALSE
9046_01,Alphah Cratrave,Cratrave,G,833,S,Indonesia,Canada,29,FALSE,FALSE,1354,362,2163,314,268,FALSE
2483_01,Eulah Crayeson,Crayeson,E,201,P,Ethiopia,Ukraine,77,FALSE,TRUE,1267,42,3057,308,646,FALSE
9072_01,Gork Creke,Creke,H,290,S,Philippines,France,10,TRUE,TRUE,541,1230,7958,1352,103,TRUE
4082_01,Gray Cres,Cres,B,337,S,China,Portugal,7,TRUE,FALSE,793,158,6786,85,467,TRUE
0599_02,Bases Crité,Crité,H,425,P,Poland,Philippines,42,TRUE,FALSE,1111,179,2702,894,677,FALSE
4571_01,Ricia Crosbornes,Crosbornes,E,700,S,China,Indonesia,66,FALSE,FALSE,1288,765,13190,2312,603,TRUE
5199_01,Luxonon Cuplial,Cuplial,B,16,S,France,Japan,70,FALSE,TRUE,607,463,10206,1745,569,FALSE
2838_01,Whee Cure,Cure,G,382,S,Albania,China,54,FALSE,FALSE,301,609,11023,792,558,FALSE
5988_01,Aard Curle,Curle,E,1015,S,Sri Lanka,France,39,TRUE,FALSE,734,381,4273,1684,267,FALSE
1804_01,Minies Curle,Curle,F,497,S,Portugal,Sweden,45,FALSE,TRUE,1356,1244,7915,293,630,FALSE
0444_02,Colal Curte,Curte,G,716,S,Czech Republic,Colombia,43,FALSE,TRUE,1029,773,7933,2900,463,TRUE
1509_01,Sumpix Dal,Dal,H,1045,S,Czech Republic,France,78,TRUE,TRUE,14,12,5800,2746,374,TRUE
1027_04,Trine Dal,Dal,E,542,P,South Africa,Croatia,73,FALSE,TRUE,964,289,10108,1385,176,TRUE
3419_01,Blus Danad,Danad,H,120,S,Russia,Brazil,62,TRUE,TRUE,985,122,3590,1639,45,TRUE
2531_01,Derry Danielps,Danielps,D,1266,P,France,Kenya,44,TRUE,TRUE,932,829,1988,1647,163,FALSE
8757_01,Vine Danielps,Danielps,F,79,P,China,Portugal,12,TRUE,FALSE,528,908,13345,1348,58,TRUE
0031_01,Coobix Datie,Datie,H,930,S,United States,Burkina Faso,53,FALSE,FALSE,1543,212,13454,1612,273,FALSE
8260_01,Allena Daviddley,Daviddley,C,193,S,Greece,China,26,FALSE,FALSE,610,1171,5847,708,636,FALSE
5587_01,Dianie Deckerson,Deckerson,B,1215,S,Philippines,Indonesia,29,FALSE,TRUE,1690,913,7369,652,584,FALSE
7604_02,Cousk Deeke,Deeke,B,126,P,United States,United States,19,FALSE,FALSE,1034,819,230,171,123,FALSE
6015_02,Dyonevi Demansty,Demansty,A,84,P,Netherlands,China,3,TRUE,TRUE,1495,544,5405,763,69,FALSE
8681_01,Colde Derry,Derry,A,1291,S,Gambia,Portugal,7,TRUE,FALSE,290,1221,6305,1436,660,FALSE
3542_01,Beres Derry,Derry,A,1354,P,Democratic Republic of the Congo,Japan,71,FALSE,TRUE,323,1135,8778,817,150,TRUE
0222_02,Colf Deva,Deva,D,1331,S,China,Philippines,3,FALSE,FALSE,279,85,10371,2907,263,FALSE
3292_01,Sarino Dianket,Dianket,H,1181,S,Greece,Kiribati,54,FALSE,TRUE,477,1373,4490,162,185,TRUE
2179_01,Eltaird Dianket,Dianket,C,1034,P,Thailand,Denmark,14,TRUE,FALSE,873,172,5381,2370,651,FALSE
8112_01,Benda Dickley,Dickley,A,1259,P,China,United States,10,FALSE,TRUE,1400,1178,763,2659,566,TRUE
6949_01,Lolas Dillestron,Dillestron,G,1176,P,Brazil,Greece,22,TRUE,TRUE,144,1374,8028,2251,61,FALSE
1071_01,Alraida Dingauge,Dingauge,F,895,P,Croatia,Indonesia,20,FALSE,TRUE,176,1306,1398,2894,460,FALSE
8816_03,Merops Diouselt,Diouselt,E,1140,P,Greece,China,73,FALSE,FALSE,1320,1264,3847,1655,609,TRUE
0241_01,Alas Dischod,Dischod,B,795,S,China,Chile,53,FALSE,TRUE,1021,444,13986,1211,466,FALSE
3029_01,Geno Disgul,Disgul,G,1341,P,China,Brazil,60,FALSE,TRUE,1109,557,4874,1355,0,TRUE
4997_01,Diphah Disgul,Disgul,C,1225,P,Zimbabwe,Sweden,69,FALSE,FALSE,23,246,5763,1318,171,TRUE
2404_04,Dira Disheract,Disheract,F,978,S,Poland,United States,61,TRUE,FALSE,1042,202,6521,1263,464,FALSE
4690_01,Mediah Dishocatal,Dishocatal,E,382,P,Norway,Indonesia,8,TRUE,FALSE,1601,1198,14295,2559,581,FALSE
6991_02,Spurin Disivering,Disivering,B,1078,P,Ukraine,Philippines,36,TRUE,FALSE,736,32,8085,1564,517,TRUE
6802_01,Eleb Disteady,Disteady,G,1310,S,Bosnia and Herzegovina,Brazil,61,TRUE,TRUE,1569,106,8090,2915,680,TRUE
5960_02,Aliakan Dister,Dister,D,801,P,Palestinian Territory,Indonesia,39,TRUE,TRUE,381,132,9153,1185,281,FALSE
6971_02,Chard Distured,Distured,E,376,P,China,Poland,47,FALSE,TRUE,534,947,3071,1712,433,TRUE
6971_01,Alcoran Distured,Distured,G,704,S,China,Macedonia,47,TRUE,TRUE,12,564,2990,1456,103,TRUE
6172_01,Ricard Dombsoney,Dombsoney,D,1261,P,Indonesia,Ukraine,46,TRUE,TRUE,1426,567,6178,1219,112,FALSE
3301_04,Lulah Domington,Domington,G,161,S,Iran,China,40,TRUE,FALSE,105,573,14864,2180,329,TRUE
8144_04,Dhena Donotaked,Donotaked,H,680,S,United States,China,22,FALSE,FALSE,561,719,8857,289,29,TRUE
2712_01,Mothab Doorge,Doorge,C,1072,P,Philippines,France,17,TRUE,TRUE,208,888,10898,2192,490,TRUE
5903_01,Vivia Doughan,Doughan,G,442,S,Ukraine,Venezuela,44,TRUE,TRUE,1683,909,8764,85,664,FALSE
2730_01,Royce Douglasen,Douglasen,A,1231,P,Indonesia,Thailand,43,TRUE,TRUE,838,655,2848,2296,572,TRUE
9192_01,Norahe Drakeekss,Drakeekss,E,797,S,Thailand,Bulgaria,37,TRUE,TRUE,1239,715,2860,1865,397,TRUE
4786_01,Enibah Dratembid,Dratembid,B,642,P,North Korea,China,67,TRUE,FALSE,186,922,5985,504,172,TRUE
7121_01,Alkurak Dressink,Dressink,B,582,S,Indonesia,Cameroon,24,TRUE,TRUE,1662,808,1049,2098,28,TRUE
6200_02,Weias Duckil,Duckil,E,358,S,Russia,Greece,78,TRUE,FALSE,1375,1387,13356,1846,257,TRUE
5967_01,Jonald Duranks,Duranks,B,1358,P,China,Ireland,76,FALSE,FALSE,151,484,11517,391,197,TRUE
1713_01,Calvia Dyers,Dyers,A,1044,P,Philippines,Russia,63,TRUE,FALSE,1474,347,15157,673,383,TRUE
4242_01,Bix Ecate,Ecate,C,482,P,Ukraine,Democratic Republic of the Congo,1,TRUE,TRUE,798,1318,4311,13,512,TRUE
8016_01,Clard Edwartizman,Edwartizman,C,1280,P,China,Brazil,76,TRUE,FALSE,396,127,7005,2945,655,TRUE
8853_01,Kimena Ellahan,Ellahan,B,573,S,Vietnam,China,66,FALSE,FALSE,175,1186,10152,2404,220,FALSE
6030_03,Etha Ellson,Ellson,F,1143,S,Indonesia,Russia,61,FALSE,TRUE,1334,1184,10001,684,499,TRUE
0202_01,Pomera Embleng,Embleng,A,482,S,Sweden,China,45,FALSE,FALSE,522,995,14277,2695,185,TRUE
4013_01,Coos Emead,Emead,A,923,P,Peru,China,61,TRUE,FALSE,1330,118,8033,2142,660,FALSE
8338_03,Feles Empie,Empie,D,778,S,Indonesia,Greece,44,FALSE,FALSE,1647,1041,8583,2704,63,TRUE
6449_02,Squars Empie,Empie,A,130,S,France,Indonesia,79,FALSE,FALSE,1555,861,4856,2918,22,TRUE
4640_01,Sharie Englas,Englas,A,142,P,Indonesia,United States,38,FALSE,TRUE,1182,282,14792,1808,316,FALSE
8998_02,Jonaye Englence,Englence,D,873,S,Argentina,Portugal,74,FALSE,TRUE,1253,428,14301,773,76,TRUE
9043_01,Cobix Erle,Erle,E,1332,P,Portugal,Russia,52,FALSE,TRUE,540,625,4774,1945,394,FALSE
6245_01,Eleaha Estron,Estron,B,1246,S,Bangladesh,Indonesia,30,TRUE,TRUE,545,974,13235,2256,631,FALSE
4832_01,Erman Estron,Estron,E,283,P,Greece,Myanmar,39,FALSE,TRUE,205,1106,10704,1273,211,FALSE
6816_05,Lerion Ewiseston,Ewiseston,C,746,S,China,New Zealand,75,FALSE,FALSE,693,1022,15234,2673,115,FALSE
6932_01,Shaele Ewiseston,Ewiseston,E,254,P,China,Ireland,57,FALSE,TRUE,571,1282,451,606,310,FALSE
0290_04,Atino Excialing,Excialing,B,1024,P,China,Mexico,31,TRUE,FALSE,1078,433,12104,1884,70,FALSE
6684_02,Ziba Exhaft,Exhaft,H,890,P,Canada,Brazil,30,FALSE,TRUE,631,456,1300,975,510,TRUE
7508_01,Alar Exible,Exible,E,112,S,Japan,North Korea,71,TRUE,TRUE,918,1045,9285,875,407,FALSE
3798_01,Castra Exibuctich,Exibuctich,C,372,P,Swaziland,Russia,39,TRUE,TRUE,968,170,10677,1790,272,FALSE
1365_01,Alkeson Exnutch,Exnutch,G,983,S,China,Brazil,56,FALSE,TRUE,1262,264,1033,246,50,TRUE
1286_01,Jackix Fache,Fache,H,626,S,Sri Lanka,France,68,FALSE,FALSE,1391,1287,1069,2748,152,FALSE
8704_01,Pie Facke,Facke,F,636,P,Indonesia,Haiti,32,FALSE,FALSE,994,188,9026,479,626,TRUE
8015_02,Duhrkab Fansty,Fansty,F,463,P,Slovenia,China,15,FALSE,TRUE,720,922,13089,2775,405,TRUE
7225_01,Hasim Fawnsive,Fawnsive,G,1173,P,Netherlands,Denmark,70,TRUE,TRUE,1242,1306,4463,699,547,TRUE
6778_01,Brada Fielson,Fielson,B,499,P,Netherlands,Yemen,55,FALSE,FALSE,505,242,10226,811,234,TRUE
0123_01,Iree Fielson,Fielson,G,184,S,Russia,Poland,79,FALSE,FALSE,1002,643,11044,1246,107,TRUE
8137_01,Antone Fielson,Fielson,B,801,P,China,Brazil,57,FALSE,TRUE,901,135,5217,1411,19,FALSE
0968_01,Tyrona Figuez,Figuez,G,961,P,China,Portugal,38,TRUE,TRUE,1055,294,4584,2046,618,TRUE
0425_02,Cowns Fiha,Fiha,G,1015,P,China,China,33,TRUE,TRUE,702,64,7856,144,585,FALSE
3401_01,Karene Fisheparks,Fisheparks,B,957,P,Slovenia,Poland,29,TRUE,FALSE,1563,783,4424,1109,359,TRUE
2221_01,Andrey Fisherry,Fisherry,G,475,P,Philippines,Sweden,23,TRUE,TRUE,1589,253,4350,1124,421,FALSE
2424_01,Hanna Fishopper,Fishopper,E,24,P,Indonesia,Libya,27,FALSE,FALSE,578,727,14930,1117,171,FALSE
2769_01,Lindy Fishopper,Fishopper,F,468,P,Sweden,China,25,FALSE,TRUE,1327,161,1746,500,532,TRUE
6273_02,Basps Fisty,Fisty,A,1335,P,China,China,62,TRUE,FALSE,1058,1127,2003,1880,400,TRUE
3005_01,Stmeal Fisun,Fisun,H,230,P,Indonesia,Canada,58,TRUE,FALSE,1399,488,5810,989,292,TRUE
3325_01,Blanda Fitzgerson,Fitzgerson,B,1162,S,China,Poland,64,TRUE,FALSE,1414,594,4736,1567,542,FALSE
2592_02,Cindee Flé,Flé,G,583,P,Ukraine,Philippines,58,TRUE,FALSE,865,481,475,1846,335,TRUE
0128_01,Grohs Fles,Fles,H,187,P,Poland,Philippines,43,FALSE,FALSE,245,1369,12930,2921,643,TRUE
0761_01,Izarki Fliblerolt,Fliblerolt,F,693,P,Russia,United Kingdom,18,FALSE,FALSE,855,793,9849,1369,609,FALSE
2234_05,Burs Flité,Flité,C,479,S,Venezuela,East Timor,21,TRUE,TRUE,1607,1041,12671,863,386,TRUE
2234_03,Apench Flité,Flité,B,1106,S,Nigeria,Colombia,37,TRUE,FALSE,624,594,1716,2942,189,TRUE
3938_03,Gut Flité,Flité,A,64,P,Japan,Indonesia,62,FALSE,FALSE,862,40,2895,1008,160,FALSE
4534_01,Carry Floydendley,Floydendley,D,672,S,China,Indonesia,13,TRUE,FALSE,741,303,3724,38,615,TRUE
0931_01,Therie Flynnis,Flynnis,H,997,S,Sweden,Nigeria,25,FALSE,FALSE,1571,307,13348,314,476,TRUE
2114_01,Gollux Folhal,Folhal,C,715,S,Poland,Ukraine,26,FALSE,FALSE,1095,231,11548,2792,59,FALSE
6111_01,Hyaduma Folumorly,Folumorly,H,626,S,Philippines,Czech Republic,25,TRUE,TRUE,940,1283,1585,1672,539,FALSE
0503_01,Gal Fone,Fone,E,329,P,Yemen,Philippines,24,FALSE,FALSE,1266,1109,2551,390,532,TRUE
5350_01,Atinon Foraud,Foraud,C,89,P,Armenia,Philippines,31,TRUE,FALSE,140,77,11706,2119,272,TRUE
9104_01,Izares Foraud,Foraud,A,247,P,Japan,Mexico,0,FALSE,TRUE,109,1380,2904,1866,208,TRUE
6921_05,Arrain Fordulgaug,Fordulgaug,E,419,S,Portugal,Russia,39,TRUE,TRUE,1311,775,7588,196,383,TRUE
5197_01,Rician Fowlaney,Fowlaney,G,744,S,Russia,Russia,12,FALSE,TRUE,639,1041,418,773,114,FALSE
3690_01,Lestie Fowlesterez,Fowlesterez,A,159,P,China,Greece,69,FALSE,TRUE,1448,731,1039,2466,283,TRUE
8988_05,Melara Fowlesterez,Fowlesterez,E,1036,P,Russia,Indonesia,50,TRUE,TRUE,1195,260,4586,1870,658,TRUE
3926_01,Wine Fowlesterez,Fowlesterez,A,1268,S,Nigeria,Poland,17,FALSE,FALSE,131,213,10362,2459,106,FALSE
5950_01,Therry Fowlesterez,Fowlesterez,E,721,S,China,Egypt,9,FALSE,FALSE,181,1122,9018,743,426,FALSE
8182_01,Jaimez Fowlesterez,Fowlesterez,C,904,S,China,Brazil,79,TRUE,TRUE,932,618,7503,921,299,FALSE
1407_01,Lerome Foxter,Foxter,E,871,S,Senegal,Indonesia,5,FALSE,FALSE,105,1225,16,2424,570,FALSE
2786_01,Luise Franankson,Franankson,E,742,P,Indonesia,China,61,FALSE,FALSE,198,1287,13518,416,447,TRUE
2401_01,Luise Francock,Francock,F,402,P,Colombia,Germany,72,TRUE,FALSE,831,481,3633,1020,468,TRUE
5410_01,Sweal Frasp,Frasp,F,197,P,Poland,China,73,TRUE,FALSE,598,1071,11447,2925,78,FALSE
3130_01,Mall Frasp,Frasp,B,91,P,Slovenia,Malawi,68,FALSE,TRUE,1095,1140,10033,1298,387,FALSE
3062_01,Hion Frasp,Frasp,F,254,S,Indonesia,China,31,FALSE,FALSE,1030,797,12497,2126,17,TRUE
5128_02,Frus Frazo,Frazo,H,2,S,South Africa,Nigeria,47,FALSE,TRUE,293,1425,11938,1676,153,FALSE
1661_04,Branev Fringh,Fringh,H,878,P,China,Indonesia,30,TRUE,FALSE,752,1001,809,2515,589,FALSE
0789_03,Zaninon Frolestty,Frolestty,C,1183,S,Mexico,Indonesia,47,FALSE,FALSE,692,107,12312,24,237,TRUE
0789_02,Auvan Frolestty,Frolestty,D,486,S,Brazil,Nigeria,31,TRUE,FALSE,1075,935,6712,2107,587,TRUE
5909_03,Holey Fryan,Fryan,D,763,P,China,Brazil,77,FALSE,FALSE,167,507,2557,1961,540,FALSE
5909_02,Anda Fryan,Fryan,C,1141,P,Indonesia,Philippines,53,TRUE,TRUE,876,1234,14347,2843,131,FALSE
1996_01,Sallie Fryan,Fryan,A,93,P,Croatia,Poland,70,TRUE,FALSE,1605,161,9018,2684,692,TRUE
4515_01,Lynnie Fryersonis,Fryersonis,F,999,S,Argentina,Brazil,79,TRUE,TRUE,1029,995,3190,1173,84,FALSE
0270_01,Cathya Fryersonis,Fryersonis,C,1100,S,Jordan,Tunisia,23,FALSE,FALSE,749,1401,10064,2620,591,FALSE
5561_01,Diskeh Fueling,Fueling,H,1051,P,Indonesia,Tunisia,18,FALSE,FALSE,1049,1396,5776,2469,423,TRUE
8923_01,Lilley Fuentryoung,Fuentryoung,G,232,P,Sweden,Czech Republic,27,FALSE,FALSE,872,1287,13016,987,266,TRUE
2336_01,Alhail Fulatorly,Fulatorly,B,521,P,Sweden,China,36,FALSE,FALSE,1666,1363,6208,988,583,FALSE
0024_01,Penton Fullided,Fullided,H,1181,S,China,Thailand,5,FALSE,FALSE,238,469,5228,1772,381,TRUE
8728_06,Kendy Fulloydez,Fulloydez,B,73,S,Norway,Czech Republic,22,FALSE,FALSE,1182,819,14261,1883,16,TRUE
1289_02,Chelsa Fultz,Fultz,G,1033,P,Mauritius,Palestinian Territory,51,FALSE,FALSE,212,997,7137,2857,689,TRUE
4775_01,Willy Fultz,Fultz,C,912,S,Poland,Iran,5,TRUE,FALSE,1597,308,6222,69,378,TRUE
2906_01,Margia Gainebergan,Gainebergan,F,260,S,China,Nigeria,0,TRUE,TRUE,233,877,8623,347,107,FALSE
6511_01,Katen Gainney,Gainney,A,823,P,Japan,China,34,TRUE,FALSE,595,756,6644,357,619,TRUE
6563_01,Stenny Gainney,Gainney,C,1109,S,China,Philippines,64,FALSE,TRUE,1356,110,9198,618,392,TRUE
3392_01,Philia Gallard,Gallard,G,686,S,Chile,Jordan,56,TRUE,FALSE,1627,1066,446,836,336,FALSE
2616_01,Gracia Gallard,Gallard,C,558,S,Poland,Hungary,71,TRUE,FALSE,399,320,6712,1913,641,FALSE
3392_02,Jenn Gallard,Gallard,C,287,P,Indonesia,Argentina,21,TRUE,FALSE,1605,651,12022,1645,223,FALSE
5273_01,Leony Gallenry,Gallenry,G,123,S,Ethiopia,Albania,36,FALSE,TRUE,1491,1045,11647,1477,486,TRUE
1323_01,Jilla Gamberson,Gamberson,A,589,S,Nigeria,Ghana,49,FALSE,FALSE,185,582,3493,2567,278,TRUE
5157_01,Melia Gardsondez,Gardsondez,B,716,P,Macedonia,Indonesia,72,TRUE,FALSE,558,949,1785,349,650,FALSE
7091_01,Cassa Garrincent,Garrincent,A,758,S,Canada,Brazil,7,FALSE,FALSE,227,643,3766,1206,112,TRUE
7214_01,Sethew Garzaley,Garzaley,B,624,S,American Samoa,Guatemala,7,TRUE,TRUE,1197,90,13631,911,528,TRUE
1032_01,Aude Garzaley,Garzaley,D,615,S,Philippines,Philippines,12,FALSE,FALSE,498,1287,7222,447,188,FALSE
3875_01,Teremy Garzaley,Garzaley,E,76,S,China,Myanmar,63,TRUE,TRUE,412,171,7624,1980,629,TRUE
4338_03,Kleeiak Gealloyalt,Gealloyalt,H,196,P,Portugal,Russia,67,FALSE,TRUE,1360,1049,6322,1210,518,TRUE
1326_01,Wales Gelte,Gelte,F,1109,P,Japan,Iran,62,TRUE,FALSE,251,804,10434,889,181,TRUE
3455_01,Cruis Gelte,Gelte,H,1298,S,Philippines,Poland,39,FALSE,FALSE,578,640,10698,932,354,FALSE
2234_06,Shood Gen,Gen,E,178,S,Brazil,Ethiopia,71,TRUE,TRUE,1372,657,9390,1579,532,TRUE
0871_01,Polar Geneltic,Geneltic,H,1237,S,Philippines,New Caledonia,37,FALSE,FALSE,772,1231,15141,697,431,TRUE
2693_03,Castram Geousty,Geousty,D,1033,P,China,Colombia,62,TRUE,TRUE,1706,87,1057,1620,6,TRUE
8175_01,Terope Geraing,Geraing,H,1226,P,Latvia,Russia,54,TRUE,FALSE,574,301,14041,929,166,TRUE
5017_01,Raptax Giba,Giba,E,66,S,Pakistan,Canada,10,TRUE,FALSE,1457,521,7809,2773,404,TRUE
8383_03,Garry Gibbsonton,Gibbsonton,G,1081,P,Serbia,France,2,TRUE,TRUE,1536,965,5406,2746,340,TRUE
7208_01,Nelle Gibbsonton,Gibbsonton,B,1123,P,Benin,Peru,63,FALSE,TRUE,935,395,10297,2903,76,FALSE
8383_06,Jorgie Gibbsonton,Gibbsonton,B,23,S,Indonesia,Lithuania,53,TRUE,TRUE,1036,398,14349,556,207,FALSE
1324_03,Lewise Gilleyons,Gilleyons,A,915,P,Armenia,Portugal,66,FALSE,TRUE,1051,1424,9875,1320,575,TRUE
4933_04,Clakey Gin,Gin,F,815,S,Russia,Russia,24,FALSE,TRUE,337,1316,12776,1464,201,FALSE
6556_01,Nes Gine,Gine,B,668,S,Albania,Sweden,9,FALSE,TRUE,1026,549,11342,1112,380,TRUE
2755_01,Beneba Glousspidy,Glousspidy,E,1319,S,Philippines,United States,73,TRUE,TRUE,1706,202,3891,740,541,TRUE
0356_01,Pharmus Gloyanthy,Gloyanthy,H,356,P,Ukraine,United States,45,FALSE,FALSE,1673,25,197,1443,159,FALSE
2007_01,Aviton Gocent,Gocent,G,1327,P,Pakistan,China,79,TRUE,TRUE,518,133,8354,951,666,TRUE
5064_01,Alraiam Gocent,Gocent,E,392,P,Kosovo,China,10,FALSE,TRUE,1191,753,7524,2610,389,FALSE
1800_03,Vick Goffey,Goffey,G,335,S,Russia,Poland,30,FALSE,TRUE,208,1413,2664,43,659,TRUE
8975_01,Penne Goffey,Goffey,H,1043,P,Greece,Bulgaria,41,TRUE,FALSE,650,1213,2431,2325,13,FALSE
4643_01,Sandie Goodson,Goodson,B,22,S,United States,Japan,11,FALSE,TRUE,492,498,11773,1140,475,FALSE
2993_01,Nelly Gordanieves,Gordanieves,H,358,S,China,Portugal,5,TRUE,FALSE,84,873,3754,1110,357,TRUE
7703_01,Bonyan Gordanieves,Gordanieves,A,19,S,Norway,Indonesia,78,TRUE,FALSE,1223,466,5998,2581,638,FALSE
0645_01,Troyra Grahangory,Grahangory,H,199,S,Palestinian Territory,Nepal,62,TRUE,TRUE,21,83,14997,336,509,TRUE
2162_01,Ral Graie,Graie,D,1331,P,Indonesia,Sweden,21,FALSE,FALSE,767,581,8424,240,701,TRUE
9129_01,Hardy Graneyes,Graneyes,H,487,P,Philippines,China,50,FALSE,FALSE,144,556,13752,789,664,TRUE
8716_01,Rankie Graneyes,Graneyes,H,334,S,Indonesia,Russia,75,TRUE,TRUE,359,618,186,457,17,FALSE
7515_01,Monam Gre,Gre,F,129,P,Brazil,China,70,TRUE,TRUE,593,64,5840,2704,452,TRUE
2234_02,Resers Gread,Gread,B,976,P,China,Sweden,5,FALSE,FALSE,538,241,3291,2195,13,TRUE
9059_01,Anda Gregordy,Gregordy,A,988,P,China,Russia,13,FALSE,FALSE,123,1395,3073,2539,615,TRUE
4704_01,Grafi Grentual,Grentual,E,1111,P,Indonesia,Greece,56,FALSE,FALSE,822,1123,5791,686,39,FALSE
6276_01,Coracy Grifford,Grifford,B,648,P,Portugal,Iran,2,TRUE,TRUE,558,930,9181,1217,48,FALSE
5023_01,Briney Griffy,Griffy,H,1055,S,China,China,68,TRUE,FALSE,1360,839,1836,1393,648,TRUE
6146_01,Scelava Groforacid,Groforacid,C,1085,P,Indonesia,Brazil,8,FALSE,TRUE,1258,384,5973,2161,190,FALSE
7788_01,Julin Guerson,Guerson,B,1331,S,China,China,12,FALSE,TRUE,799,1263,5179,969,96,FALSE
4246_01,Isaacy Hamberterry,Hamberterry,D,1358,P,China,Indonesia,58,TRUE,TRUE,770,1248,8249,2702,498,TRUE
5556_01,Jona Hanner,Hanner,F,454,P,China,Peru,74,TRUE,TRUE,1690,1121,4045,2068,2,TRUE
6020_03,Timyra Hanner,Hanner,H,489,P,Finland,Albania,17,TRUE,FALSE,763,106,3297,302,663,FALSE
6020_04,Jimmyn Hanner,Hanner,H,1022,S,Bangladesh,Portugal,18,TRUE,TRUE,1504,65,10804,774,81,TRUE
8552_01,Pot Hapie,Hapie,B,227,P,Cuba,China,77,TRUE,FALSE,507,964,3385,153,587,FALSE
1927_01,Trohs Hapie,Hapie,B,1042,P,France,Sweden,38,TRUE,TRUE,1331,306,11962,631,398,TRUE
0669_01,Elanie Hardson,Hardson,D,37,S,Canada,China,3,FALSE,FALSE,799,915,9433,2543,552,TRUE
6169_01,Carley Harley,Harley,D,1346,S,Russia,Indonesia,11,FALSE,TRUE,386,320,5267,1069,465,TRUE
2466_01,Carley Harmond,Harmond,G,1102,S,Vietnam,Poland,46,TRUE,FALSE,1430,383,9006,498,574,FALSE
0107_01,Coobix Hart,Hart,A,1202,S,Argentina,Argentina,31,TRUE,FALSE,466,6,11299,1598,506,TRUE
0141_01,Pyrohs Harte,Harte,E,1312,S,Brazil,South Africa,4,FALSE,TRUE,992,257,6407,777,360,TRUE
1997_01,Joyn Hartley,Hartley,E,586,P,Russia,Afghanistan,2,FALSE,TRUE,530,255,8483,973,271,TRUE
2822_05,Melvia Harverez,Harverez,A,946,P,Mexico,Brazil,18,FALSE,TRUE,818,761,1281,2850,381,FALSE
3070_01,Bel Haydenez,Haydenez,B,98,S,China,Vietnam,27,FALSE,TRUE,1694,993,7690,2429,165,TRUE
0707_01,Jorgie Haydenzier,Haydenzier,C,108,P,China,Serbia,77,FALSE,TRUE,1692,827,14356,896,233,FALSE
0122_01,Shelle Hayder,Hayder,B,6,P,Morocco,France,0,TRUE,TRUE,1070,1023,10768,2848,579,TRUE
3999_01,Genee Hayerson,Hayerson,C,1242,P,China,Indonesia,13,FALSE,FALSE,1253,808,8090,465,142,TRUE
6925_01,Juanie Hayerson,Hayerson,B,325,P,Sweden,Russia,30,FALSE,TRUE,1644,332,5855,1669,678,FALSE
9094_01,Aleen Hayertez,Hayertez,E,520,P,Brazil,Ukraine,41,FALSE,FALSE,471,841,11890,100,437,TRUE
5196_01,Gracey Haynard,Haynard,A,401,P,Taiwan,Ukraine,24,FALSE,FALSE,1118,1185,8423,1844,66,TRUE
0361_01,Virgie Headardyer,Headardyer,D,1074,P,Russia,Russia,73,TRUE,FALSE,686,833,8549,2029,117,TRUE
7109_01,Goros Healted,Healted,A,439,P,Malta,Brazil,54,FALSE,FALSE,721,205,11801,2621,122,TRUE
0203_01,Ancham Heateele,Heateele,E,145,S,Russia,Indonesia,8,FALSE,FALSE,1204,1028,8662,106,547,TRUE
0772_04,Arrain Hednigic,Hednigic,G,373,P,China,China,6,FALSE,FALSE,359,458,8817,2302,555,FALSE
6539_01,Diskeh Hednigic,Hednigic,B,1234,S,San Marino,China,21,FALSE,TRUE,378,1047,9262,1309,250,FALSE
3210_01,Charda Heeroling,Heeroling,D,1084,S,China,Indonesia,71,FALSE,TRUE,979,145,3771,1238,295,TRUE
5589_01,Fayen Hermanapp,Hermanapp,G,654,S,China,Indonesia,74,TRUE,FALSE,129,1360,460,2555,385,FALSE
0265_01,Etair Herpumble,Herpumble,F,722,P,Bangladesh,Thailand,44,TRUE,TRUE,1136,446,5738,2292,186,TRUE
9008_02,Regory Herreras,Herreras,C,705,S,Honduras,France,48,FALSE,TRUE,1076,133,512,1019,684,TRUE
0576_01,Melice Herry,Herry,G,603,S,Philippines,Myanmar,11,TRUE,TRUE,895,1019,14872,423,400,TRUE
7588_02,Aude Hersons,Hersons,D,532,P,Colombia,Pakistan,51,TRUE,FALSE,1114,593,5336,711,580,TRUE
7588_01,Lan Hersons,Hersons,G,964,S,Indonesia,Russia,5,TRUE,FALSE,1704,1308,866,1090,471,FALSE
5214_01,Antony Hersons,Hersons,D,1022,P,China,Indonesia,34,TRUE,FALSE,557,120,3914,819,643,TRUE
0982_01,Eriky Hewson,Hewson,H,1031,S,Tanzania,Greece,17,TRUE,FALSE,387,1171,5100,2675,434,FALSE
2015_01,Fayene Hickett,Hickett,D,953,S,China,China,47,TRUE,FALSE,1555,844,14847,2792,378,FALSE
5443_01,Gabrie Hickley,Hickley,A,217,P,Indonesia,Brazil,30,TRUE,TRUE,164,4,2238,2407,447,FALSE
1580_02,Janita Hinesh,Hinesh,F,1151,S,China,Canada,9,FALSE,TRUE,15,940,10594,1772,317,FALSE
1619_01,Vanard Hinglendez,Hinglendez,F,236,P,Brazil,Ukraine,40,TRUE,TRUE,1509,833,1472,2000,611,FALSE
7940_01,Camiet Hinglendez,Hinglendez,E,437,P,China,China,48,TRUE,TRUE,250,944,11920,5,370,FALSE
5744_01,Felice Hinglendez,Hinglendez,C,1264,S,Portugal,China,6,FALSE,FALSE,353,1296,10153,2730,430,FALSE
0619_02,Ankabit Holatirint,Holatirint,E,984,P,China,Vietnam,66,TRUE,TRUE,1648,5,662,965,503,FALSE
0619_01,Scellus Holatirint,Holatirint,A,843,P,China,Indonesia,79,FALSE,FALSE,321,582,1748,326,32,FALSE
3284_01,Kaye Holsen,Holsen,B,1190,P,Vietnam,Montserrat,44,TRUE,TRUE,1492,945,4721,1614,291,TRUE
3506_01,Minoces Hometerval,Hometerval,H,659,S,China,Iran,70,TRUE,FALSE,1704,1048,13181,1523,518,FALSE
4569_02,Aldah Honchoe,Honchoe,B,1230,S,Nicaragua,Egypt,45,TRUE,FALSE,481,875,13913,2891,91,TRUE
0607_01,Dyonium Hontichre,Hontichre,F,689,P,China,China,51,FALSE,TRUE,542,520,12046,2042,336,TRUE
1381_01,Stevey Hoopez,Hoopez,C,288,S,South Africa,Indonesia,72,FALSE,FALSE,1126,1335,596,1303,438,TRUE
8516_01,Denis Hopez,Hopez,D,352,S,China,Philippines,53,TRUE,FALSE,1399,72,1272,2870,705,FALSE
7446_01,Mamina Hopez,Hopez,E,886,S,Indonesia,Brazil,51,FALSE,FALSE,138,406,25,2495,122,TRUE
2545_01,Joycey Hoppernardy,Hoppernardy,C,1250,P,Russia,Norway,40,TRUE,TRUE,1491,350,14824,2622,436,FALSE
0448_01,Elara Hoppernardy,Hoppernardy,H,258,P,Indonesia,Malaysia,25,FALSE,FALSE,959,1096,2,737,257,FALSE
7445_01,Coreen Hoppers,Hoppers,D,740,S,China,Turkey,11,TRUE,FALSE,960,631,4648,484,351,FALSE
6520_01,Erie Horndley,Horndley,E,1048,P,Peru,Indonesia,73,FALSE,TRUE,872,1176,1470,582,232,FALSE
5855_01,Hanna Horndley,Horndley,B,1360,P,Serbia,Argentina,47,TRUE,FALSE,945,476,11729,2187,638,TRUE
7510_01,Pars Horte,Horte,C,1038,S,Pakistan,China,1,FALSE,FALSE,1404,689,6221,2228,605,FALSE
0560_01,Anniey Hortez,Hortez,B,1308,P,Albania,United States,8,FALSE,FALSE,344,614,10646,1944,573,TRUE
1806_01,Goos Hotte,Hotte,B,759,P,China,Brazil,79,FALSE,FALSE,164,852,11382,1978,235,FALSE
1199_01,Lillen Hubbarnett,Hubbarnett,H,393,P,Armenia,China,32,FALSE,FALSE,782,933,10326,1988,263,FALSE
4815_01,Amandy Hultz,Hultz,F,167,P,China,China,22,TRUE,FALSE,972,1395,284,0,685,FALSE
0164_01,Fany Hutchinton,Hutchinton,B,1300,S,China,Japan,16,TRUE,TRUE,1081,982,8921,162,618,TRUE
6490_03,Tabiton Ightive,Ightive,G,615,P,Philippines,Russia,31,TRUE,TRUE,1244,1351,13094,1369,58,FALSE
7188_02,Taura Imingle,Imingle,G,891,P,China,Indonesia,79,FALSE,FALSE,287,680,4586,2509,51,TRUE
2645_03,Mariton Improus,Improus,E,533,S,Benin,Portugal,66,FALSE,TRUE,770,1314,5151,2132,649,TRUE
4625_04,Auvara Ineedeve,Ineedeve,H,162,S,Pakistan,Indonesia,35,FALSE,TRUE,1161,670,227,1745,270,TRUE
1154_01,Celeb Ingascomet,Ingascomet,C,1087,S,Russia,China,5,FALSE,TRUE,1177,770,9436,2614,499,TRUE
3462_01,Achib Ingascomet,Ingascomet,B,1267,S,China,Serbia,18,FALSE,FALSE,4,206,4115,114,362,TRUE
4613_01,Tabdhib Inghtal,Inghtal,A,214,P,Indonesia,Rwanda,49,FALSE,FALSE,1483,483,5509,394,234,TRUE
6109_01,Terons Inghtal,Inghtal,E,765,P,Peru,Poland,63,FALSE,TRUE,1043,381,3396,963,237,FALSE
4249_01,Nusoton Inghting,Inghting,F,436,P,Portugal,Greece,18,TRUE,FALSE,552,80,114,2766,621,TRUE
6488_01,Propsh Ingwhed,Ingwhed,B,404,S,France,Svalbard and Jan Mayen,62,TRUE,TRUE,686,1356,9269,1993,186,FALSE
5737_02,Lesaton Inicont,Inicont,G,273,P,Slovenia,United States,3,TRUE,TRUE,1635,1103,9189,495,62,TRUE
3998_01,Batan Iniouser,Iniouser,F,560,S,Tunisia,China,28,FALSE,TRUE,1638,778,11274,2620,528,TRUE
1180_01,Reneen Irwines,Irwines,D,213,P,Colombia,Micronesia,42,TRUE,FALSE,529,678,12273,1043,132,TRUE
2241_01,Jacky Jacostaffey,Jacostaffey,D,524,S,China,Afghanistan,63,TRUE,FALSE,887,299,1040,976,351,TRUE
8282_01,Alvia Jacostaney,Jacostaney,A,599,P,Cambodia,Spain,74,TRUE,FALSE,860,243,3090,1224,424,FALSE
3305_02,Vivers Jaff,Jaff,E,708,P,India,Brazil,76,TRUE,FALSE,573,918,10454,2140,629,TRUE
2647_01,Janney Johnsby,Johnsby,D,413,P,China,Russia,1,TRUE,TRUE,11,782,15008,1867,518,FALSE
0949_01,Benny Johnsby,Johnsby,A,1143,P,Yemen,Philippines,39,TRUE,TRUE,712,743,13421,1229,193,FALSE
8628_01,Enry Johnsondez,Johnsondez,G,230,P,China,Panama,21,TRUE,FALSE,150,386,13904,482,437,FALSE
8796_05,Berna Jorden,Jorden,A,19,P,China,Norway,69,FALSE,FALSE,400,13,13426,1185,472,FALSE
7514_01,Fayel Josesh,Josesh,E,1355,S,Colombia,Poland,74,TRUE,FALSE,1514,1298,201,618,432,FALSE
5808_01,Keitha Josey,Josey,E,1304,P,Japan,Portugal,48,FALSE,TRUE,724,170,14619,467,229,TRUE
5346_01,Tera Kaney,Kaney,D,39,P,China,Afghanistan,78,TRUE,FALSE,871,888,12187,1639,260,TRUE
8088_02,Varkes Kart,Kart,C,1297,S,China,Slovakia,63,FALSE,TRUE,1514,373,12072,2066,382,TRUE
8150_03,Stey Kart,Kart,B,1329,P,China,Macedonia,7,FALSE,TRUE,497,712,14063,947,14,FALSE
4506_01,Bees Kashe,Kashe,G,27,S,Indonesia,China,62,TRUE,FALSE,1295,676,5521,2700,124,TRUE
3272_02,Eilan Kellynn,Kellynn,B,98,S,Guatemala,Portugal,23,TRUE,FALSE,1671,1407,2142,2497,1,TRUE
1631_01,Toniel Kennetty,Kennetty,A,165,P,Spain,Argentina,0,FALSE,TRUE,169,512,13621,1398,283,TRUE
5944_01,Alber Kerristicey,Kerristicey,F,532,S,China,Afghanistan,21,TRUE,TRUE,1167,701,1350,2209,204,FALSE
6896_03,Dies Khake,Khake,D,694,P,Mongolia,China,71,FALSE,FALSE,658,1248,4237,2779,632,FALSE
4946_01,Helley Kiddley,Kiddley,E,1048,P,Russia,Thailand,50,FALSE,FALSE,256,306,14111,1407,161,TRUE
1114_02,Apple Kidne,Kidne,C,764,S,Sweden,Indonesia,34,TRUE,TRUE,1517,1378,14263,66,190,TRUE
0992_05,Sinon Kiling,Kiling,G,848,P,Morocco,Japan,44,TRUE,TRUE,37,20,7689,113,141,TRUE
2262_01,Clarry Kimpson,Kimpson,F,810,S,Indonesia,China,5,TRUE,TRUE,246,1166,2199,2459,316,FALSE
0086_01,Jodye Kinson,Kinson,A,710,S,Portugal,Netherlands,34,FALSE,FALSE,530,4,4351,1377,243,FALSE
2024_01,Ellard Kinson,Kinson,F,602,S,Portugal,Indonesia,58,FALSE,TRUE,851,1335,127,157,64,TRUE
5130_01,Timmy Klindsayer,Klindsayer,C,1149,S,Uzbekistan,China,17,FALSE,FALSE,129,161,6063,1346,472,TRUE
3450_02,Weion Knocke,Knocke,D,713,P,Venezuela,China,24,FALSE,TRUE,529,1254,8798,176,60,TRUE
6402_05,Elene Knoxonway,Knoxonway,F,759,P,Brazil,France,5,FALSE,TRUE,496,1210,285,910,681,TRUE
6007_01,Jonard Kochroeders,Kochroeders,E,197,S,United States,Russia,21,FALSE,TRUE,1531,1158,5534,2321,627,FALSE
2919_03,Stmeal Kra,Kra,H,388,P,Tunisia,Mauritius,62,TRUE,FALSE,1063,990,6742,1164,80,TRUE
2919_02,Soyos Kra,Kra,D,498,S,China,Morocco,77,FALSE,FALSE,812,787,14136,2030,153,TRUE
0347_01,Cousk Kraie,Kraie,D,334,P,South Africa,Russia,42,FALSE,FALSE,1057,385,8953,2236,288,TRUE
5354_02,Bares Kraie,Kraie,G,980,S,Ukraine,Indonesia,17,FALSE,FALSE,993,803,3596,1452,257,TRUE
4324_03,Oareel Krake,Krake,H,148,P,Suriname,China,24,FALSE,TRUE,1345,586,12694,662,149,FALSE
6431_02,Timyra Kramosley,Kramosley,E,236,P,North Korea,China,22,FALSE,FALSE,168,806,8039,589,36,TRUE
0250_01,Camily Kramosley,Kramosley,G,555,S,Brazil,Russia,16,FALSE,TRUE,969,1135,690,1086,651,FALSE
5956_01,Hard Kramosley,Kramosley,A,365,S,Colombia,Dominican Republic,40,TRUE,TRUE,1594,365,12719,1165,539,FALSE
2168_02,Gorice Lacke,Lacke,C,553,S,Afghanistan,Ukraine,57,FALSE,TRUE,1598,278,3311,1391,540,TRUE
7057_01,Graven Lacke,Lacke,F,585,S,China,Kazakhstan,43,FALSE,TRUE,764,221,6883,733,604,FALSE
9041_01,Milda Lambucketty,Lambucketty,B,1104,S,Indonesia,Indonesia,20,FALSE,TRUE,779,768,8310,1092,186,TRUE
1195_01,Mael Lancis,Lancis,C,1265,P,Honduras,Armenia,68,TRUE,FALSE,961,6,1712,2479,591,FALSE
1976_06,Wasaleh Lansuffle,Lansuffle,C,91,P,Tanzania,Peru,18,FALSE,TRUE,756,1030,2482,2264,308,TRUE
1976_02,Alam Lansuffle,Lansuffle,B,793,S,Russia,China,20,FALSE,TRUE,644,376,13933,579,234,TRUE
4720_01,Maya Lardy,Lardy,D,1313,S,Morocco,Poland,44,FALSE,FALSE,139,618,5542,2537,175,TRUE
0099_01,Aliey Leetersoney,Leetersoney,F,737,P,Belarus,China,18,FALSE,FALSE,999,847,1085,229,69,FALSE
0067_02,Celine Leeves,Leeves,A,35,S,Vietnam,Latvia,1,TRUE,TRUE,590,910,9732,229,300,FALSE
0067_01,Ninaha Leeves,Leeves,E,1159,S,Philippines,China,55,TRUE,FALSE,1362,949,9097,1329,151,FALSE
0876_01,Teryla Leodger,Leodger,F,498,S,Botswana,Reunion,13,FALSE,TRUE,584,1024,875,1188,3,TRUE
1410_01,Evane Lerez,Lerez,B,559,P,Malaysia,Brazil,24,TRUE,TRUE,611,517,6880,476,683,TRUE
2726_01,Kimmie Leson,Leson,A,710,P,China,Argentina,5,TRUE,FALSE,900,1395,6560,2050,330,TRUE
7839_01,Jilla Leson,Leson,F,443,S,Portugal,France,12,FALSE,TRUE,1683,607,1820,1673,698,TRUE
6482_02,Dow Letie,Letie,A,1029,P,Myanmar,Japan,49,FALSE,TRUE,954,244,10970,255,458,FALSE
6482_03,Nutch Letie,Letie,D,874,S,Indonesia,Russia,28,FALSE,FALSE,1348,626,10682,1713,34,TRUE
1439_02,Croo Lette,Lette,D,106,P,Indonesia,China,43,FALSE,TRUE,92,233,7083,2945,685,FALSE
7763_01,Dessie Lewinez,Lewinez,G,1005,S,Thailand,Greece,22,FALSE,FALSE,159,71,11921,1287,43,FALSE
8371_01,Everly Lewinez,Lewinez,G,1333,P,Indonesia,China,58,TRUE,FALSE,1219,879,4899,1216,37,FALSE
1826_01,Mollen Lewintos,Lewintos,H,190,P,Indonesia,Indonesia,34,FALSE,FALSE,212,56,2304,1544,690,FALSE
6827_02,Coxaton Listive,Listive,D,283,P,Costa Rica,Brazil,27,TRUE,FALSE,1164,28,12571,1356,537,FALSE
5800_01,Belly Llobsoney,Llobsoney,B,909,S,Solomon Islands,San Marino,53,FALSE,FALSE,1090,827,4767,1506,626,FALSE
6929_03,Tricki Llovers,Llovers,H,78,P,United States,Philippines,20,FALSE,FALSE,1515,790,10471,2257,190,TRUE
6929_01,Nelly Llovers,Llovers,G,329,P,Mali,Colombia,16,TRUE,FALSE,1098,49,3059,2504,660,TRUE
7647_01,Eulah Lopelases,Lopelases,B,1202,S,China,Afghanistan,57,FALSE,TRUE,494,277,13285,1795,450,TRUE
8457_01,Erie Lopelases,Lopelases,F,1351,S,Indonesia,Indonesia,63,TRUE,FALSE,1653,347,4961,1099,641,TRUE
3710_02,Deanny Loverceson,Loverceson,A,559,P,Indonesia,Dominican Republic,38,FALSE,FALSE,206,1100,3299,2456,401,TRUE
4401_02,Eriana Loverthyo,Loverthyo,B,518,S,Iran,Russia,0,FALSE,FALSE,350,27,13337,1638,637,TRUE
4001_02,Loresa Lowelliott,Lowelliott,E,287,S,South Africa,Honduras,73,FALSE,TRUE,133,422,14221,2428,158,FALSE
4001_05,Brancy Lowelliott,Lowelliott,C,975,S,Canada,Portugal,58,TRUE,TRUE,1063,249,6181,2240,85,TRUE
6622_01,Coreen Lynnerett,Lynnerett,F,430,P,Philippines,Indonesia,13,FALSE,FALSE,706,318,2645,2755,539,TRUE
2118_01,Kene Macdonadows,Macdonadows,H,340,S,Greece,China,29,FALSE,TRUE,207,33,12243,1449,173,FALSE
9158_01,Magnon Maglible,Maglible,F,141,S,Philippines,Sweden,12,TRUE,TRUE,360,1096,10837,392,82,FALSE
0482_01,Anny Mallerez,Mallerez,G,1165,P,Indonesia,Turkey,53,TRUE,TRUE,1515,1349,393,1993,521,TRUE
0482_02,Isaacy Mallerez,Mallerez,H,89,S,China,Peru,26,TRUE,FALSE,369,953,12911,1681,175,TRUE
9254_01,Kenny Mallerez,Mallerez,B,1252,S,Bangladesh,China,35,TRUE,FALSE,718,1082,10120,318,629,FALSE
6066_01,Altan Mallisly,Mallisly,B,1077,P,Indonesia,China,61,TRUE,FALSE,897,41,1303,851,182,FALSE
5974_01,Cricks Manda,Manda,F,79,S,Russia,Democratic Republic of the Congo,51,FALSE,FALSE,322,189,1368,238,106,TRUE
6671_01,Docks Mare,Mare,G,183,P,Sweden,Samoa,28,FALSE,FALSE,462,601,2651,2369,261,FALSE
6671_02,Tot Mare,Mare,A,191,P,Tanzania,Russia,19,FALSE,TRUE,1528,1360,710,617,512,TRUE
5288_01,Thell Masquez,Masquez,A,526,S,Japan,South Korea,42,FALSE,FALSE,760,962,789,2322,60,TRUE
5647_02,Chabih Matoltuble,Matoltuble,D,193,P,Finland,Peru,61,FALSE,TRUE,239,1288,3380,1158,587,TRUE
9120_01,Sony Maynardner,Maynardner,G,1021,P,Colombia,Indonesia,68,TRUE,FALSE,156,1078,2979,816,100,TRUE
3750_01,Antone Mayods,Mayods,G,872,S,Philippines,Micronesia,41,TRUE,TRUE,1498,385,3868,268,363,FALSE
1384_04,Shard Mayods,Mayods,C,492,S,Philippines,Papua New Guinea,4,TRUE,FALSE,1197,783,13312,1275,656,TRUE
8610_01,Thondy Mayson,Mayson,G,1197,P,China,China,63,TRUE,FALSE,1279,136,12044,579,422,TRUE
6228_01,Yolas Maystuarey,Maystuarey,H,244,P,Colombia,Brazil,73,FALSE,TRUE,46,1162,1342,2099,307,FALSE
4608_01,Colle Maystuarey,Maystuarey,E,263,S,United States,New Zealand,15,TRUE,TRUE,393,1062,6445,2941,14,FALSE
2268_01,Camiet Mcbriggins,Mcbriggins,A,661,S,Mongolia,Iran,6,FALSE,FALSE,696,911,2826,2720,382,TRUE
2929_01,Alancy Mcbritts,Mcbritts,A,213,P,Indonesia,China,45,TRUE,FALSE,928,1422,6419,2582,541,TRUE
4486_01,Janne Mccarry,Mccarry,F,447,S,Chad,Mexico,15,TRUE,FALSE,136,388,10865,1196,89,TRUE
4871_01,Anniey Mccarry,Mccarry,H,227,P,Brazil,China,3,TRUE,FALSE,1232,216,10398,1792,527,FALSE
1048_01,Deany Mcdon,Mcdon,G,251,S,Mongolia,Greece,48,TRUE,FALSE,388,277,7045,1760,680,TRUE
6862_02,Dianie Mcfaddennon,Mcfaddennon,E,1207,P,Indonesia,Croatia,5,FALSE,TRUE,1597,679,6122,567,93,TRUE
6718_02,Timmy Mcfaddoxter,Mcfaddoxter,F,1218,P,Somalia,Bahrain,35,FALSE,FALSE,1641,1269,14308,1949,633,TRUE
6816_03,Enrie Mcfarley,Mcfarley,B,57,S,Argentina,Bulgaria,25,FALSE,FALSE,579,490,4339,281,183,FALSE
5785_01,Dwin Mcgoway,Mcgoway,F,553,S,Indonesia,Peru,20,FALSE,FALSE,1705,66,3500,2134,208,TRUE
4646_01,Pennie Mcgoway,Mcgoway,H,1326,P,Philippines,Argentina,31,TRUE,FALSE,478,416,11172,2629,265,FALSE
6746_01,Luison Mcinton,Mcinton,H,933,S,France,China,64,FALSE,TRUE,717,240,5124,1360,476,TRUE
8836_02,Jeron Mcinton,Mcinton,H,363,P,Thailand,Nigeria,52,TRUE,TRUE,1278,251,1377,2924,247,FALSE
2167_01,Weney Mckinn,Mckinn,E,69,S,China,Colombia,15,TRUE,FALSE,1057,313,4509,2689,266,FALSE
4979_01,Arllia Mckinn,Mckinn,E,595,P,Russia,China,15,TRUE,TRUE,821,145,184,1367,40,TRUE
0313_01,Briney Mckinsond,Mckinsond,G,1165,P,United States,Philippines,48,FALSE,TRUE,1455,70,8001,2858,361,TRUE
2419_01,Eriney Mclainez,Mclainez,C,913,S,Russia,China,59,FALSE,TRUE,1438,45,5905,145,452,FALSE
0103_02,Shaele Mclainez,Mclainez,H,1342,S,Canada,Brazil,11,TRUE,TRUE,1009,181,6040,2352,172,TRUE
5243_01,Lanedy Mclardson,Mclardson,F,849,S,Czech Republic,Bosnia and Herzegovina,43,TRUE,FALSE,216,44,7834,674,621,TRUE
9190_01,Fanne Mclarseney,Mclarseney,G,104,P,China,Kenya,27,FALSE,TRUE,1095,129,5697,1432,351,FALSE
3504_01,Nicey Mcleandez,Mcleandez,A,704,S,Uzbekistan,Jamaica,69,FALSE,FALSE,1264,1241,1636,1280,351,FALSE
0357_01,Eduard Mcleaney,Mcleaney,D,515,S,Ukraine,China,30,TRUE,FALSE,484,825,12023,1788,157,TRUE
5915_01,Garion Mcneiley,Mcneiley,H,1189,S,Papua New Guinea,China,40,FALSE,TRUE,432,1102,1564,1618,577,TRUE
6694_01,Ger Mcneiley,Mcneiley,E,395,S,China,Armenia,42,FALSE,FALSE,421,754,14799,2166,205,TRUE
2458_01,Rald Mcphernard,Mcphernard,E,347,P,Philippines,China,27,TRUE,FALSE,1081,475,3052,1020,704,TRUE
7040_01,Gileen Mcphernard,Mcphernard,D,793,P,Brazil,China,2,FALSE,FALSE,176,1373,1569,463,641,FALSE
0499_01,Eclass Meake,Meake,E,250,S,Portugal,Belarus,9,TRUE,FALSE,96,652,4199,1,416,FALSE
1775_01,Murie Mejiaddox,Mejiaddox,G,164,S,Iran,Canada,47,TRUE,TRUE,649,1175,7458,1530,129,FALSE
4017_01,Frouse Mele,Mele,H,1330,P,Ukraine,China,62,FALSE,FALSE,616,597,3169,442,52,FALSE
5187_01,Ranuts Mellé,Mellé,C,957,S,Montenegro,France,70,TRUE,TRUE,1203,1239,3538,54,532,TRUE
5916_01,Marky Meltonway,Meltonway,B,1009,P,Chile,Nicaragua,51,TRUE,FALSE,513,123,8880,2391,382,TRUE
6598_01,Panter Mepie,Mepie,G,1194,P,Philippines,Sweden,52,FALSE,FALSE,653,846,15217,1882,514,FALSE
4977_02,Nicey Merce,Merce,B,62,S,Sweden,Indonesia,39,FALSE,FALSE,1293,379,8770,2106,508,FALSE
1729_01,Billya Merce,Merce,H,709,S,Colombia,Russia,33,FALSE,FALSE,1087,3,1627,198,148,FALSE
0387_01,Verek Merce,Merce,G,1013,S,Canada,China,65,TRUE,FALSE,1649,1289,10589,2873,295,TRUE
7234_01,Annard Merce,Merce,A,623,P,Guatemala,Canada,51,TRUE,TRUE,1719,402,368,2319,311,TRUE
4564_01,Tera Merkins,Merkins,E,710,S,China,Brazil,47,TRUE,TRUE,420,634,8517,423,487,TRUE
7356_02,Herry Merkins,Merkins,G,868,S,France,Russia,43,FALSE,TRUE,1512,980,12003,1554,111,TRUE
7356_01,Eline Merkins,Merkins,H,560,S,Albania,China,8,TRUE,FALSE,257,339,4198,2410,62,FALSE
2724_01,Swack Merte,Merte,D,1075,S,Indonesia,France,15,FALSE,FALSE,779,813,8786,423,576,FALSE
2589_04,Weias Meteet,Meteet,B,1148,S,Russia,China,21,FALSE,FALSE,276,86,14729,2597,334,FALSE
3406_02,Dyonevi Metiveal,Metiveal,C,267,S,Russia,Brazil,14,FALSE,FALSE,765,1168,8541,1941,487,FALSE
7436_01,Letty Meyersones,Meyersones,H,434,S,Ivory Coast,Lithuania,38,FALSE,TRUE,365,834,2247,873,189,TRUE
3790_01,Trick Meyersones,Meyersones,H,1119,S,China,Sweden,33,TRUE,FALSE,1215,651,7315,2770,87,FALSE
8641_01,Cint Mille,Mille,D,991,S,Russia,China,51,TRUE,TRUE,1359,63,5167,2816,146,TRUE
8476_01,Slig Mille,Mille,D,1009,P,Russia,Bulgaria,66,TRUE,TRUE,1658,156,6687,2034,82,TRUE
3381_01,Blanie Milton,Milton,E,925,S,South Africa,Poland,61,FALSE,TRUE,1063,1260,1307,1944,356,FALSE
4396_01,Sallie Milton,Milton,F,1265,P,China,Poland,61,FALSE,FALSE,1352,572,9629,2629,261,TRUE
9119_01,Grette Miltongson,Miltongson,B,1201,P,South Africa,Indonesia,49,FALSE,FALSE,1162,1060,13884,887,97,TRUE
3432_01,Bettie Miltongson,Miltongson,D,1072,S,Slovenia,Indonesia,55,TRUE,TRUE,65,9,7577,2162,583,FALSE
4219_01,Unfly Min,Min,B,629,P,Armenia,France,24,FALSE,TRUE,512,193,12801,1968,578,TRUE
8766_01,Fles Mine,Mine,E,401,S,Finland,Thailand,1,FALSE,TRUE,400,508,1438,2645,465,FALSE
0255_01,Ashir Mingious,Mingious,D,941,S,Nigeria,Germany,50,FALSE,TRUE,1155,1156,12846,1180,426,TRUE
0407_03,Dennya Mirez,Mirez,A,1032,S,United States,Philippines,10,FALSE,TRUE,1039,375,110,2697,418,TRUE
6238_01,Chios Mity,Mity,D,45,P,China,Dominican Republic,67,FALSE,FALSE,1155,122,13977,856,120,FALSE
7892_01,Colax Mity,Mity,E,1222,P,Colombia,Peru,19,TRUE,FALSE,558,1177,1876,1437,632,FALSE
7924_01,Ninaha Mondalley,Mondalley,B,1084,P,China,China,61,FALSE,FALSE,245,1259,10802,358,216,FALSE
3339_01,Coreee Mondsey,Mondsey,F,569,P,Philippines,China,28,TRUE,FALSE,1355,1083,12309,1733,96,TRUE
6006_02,Sulaos Monpreery,Monpreery,C,308,S,France,Ukraine,77,FALSE,FALSE,1181,261,1517,1831,161,FALSE
2135_02,Aarone Monroellynn,Monroellynn,F,208,P,Indonesia,Spain,69,FALSE,TRUE,516,1136,14741,2496,690,TRUE
8444_01,Robyna Monsoney,Monsoney,G,502,P,Portugal,Indonesia,3,TRUE,FALSE,1283,178,10118,2936,31,TRUE
5476_01,Samany Moodsey,Moodsey,F,1015,P,Cameroon,North Korea,15,TRUE,FALSE,570,181,5576,258,617,FALSE
2081_01,Brie Moodsey,Moodsey,G,775,P,Czech Republic,Laos,49,TRUE,TRUE,235,1037,14091,929,386,FALSE
1979_01,Delley Moodson,Moodson,F,65,P,Indonesia,Philippines,34,FALSE,TRUE,500,795,8288,2623,285,FALSE
2006_03,Joana Moorez,Moorez,H,210,S,Poland,Sweden,5,FALSE,FALSE,442,1240,12282,2935,453,TRUE
5738_01,Ritany Morelly,Morelly,C,136,P,Ivory Coast,Indonesia,31,FALSE,FALSE,1375,945,10779,123,306,FALSE
4709_01,Terrie Morelly,Morelly,D,447,S,Peru,United States,8,FALSE,FALSE,43,148,2077,1400,345,TRUE
8511_01,Craine Moreman,Moreman,C,786,P,Luxembourg,Indonesia,65,TRUE,FALSE,294,787,1699,2728,217,FALSE
7699_01,Chesty Morez,Morez,G,1250,S,China,Canada,71,FALSE,FALSE,1338,773,14952,884,68,TRUE
5945_01,Lavey Morez,Morez,H,299,P,Brazil,China,16,TRUE,TRUE,137,707,10200,582,139,TRUE
1404_01,Alaton Mornaned,Mornaned,F,914,S,Poland,Portugal,51,TRUE,TRUE,701,1372,9051,2153,483,FALSE
7442_01,Antony Morrencis,Morrencis,H,931,P,Russia,Russia,44,TRUE,FALSE,34,884,13039,1938,476,FALSE
5721_01,Giedia Mostedry,Mostedry,C,501,S,Philippines,Mexico,34,FALSE,FALSE,763,1345,7303,2672,683,FALSE
8098_02,Quarkib Mosteraked,Mosteraked,H,1356,P,France,China,28,TRUE,TRUE,902,180,3349,2273,429,FALSE
8098_03,Minkark Mosteraked,Mosteraked,H,599,S,Russia,Greece,19,TRUE,TRUE,261,103,332,608,690,TRUE
8098_04,Hasim Mosteraked,Mosteraked,B,648,P,Finland,Indonesia,56,TRUE,FALSE,25,187,2614,1638,629,FALSE
0689_01,Chard Motive,Motive,F,1241,S,Ecuador,Greece,35,FALSE,FALSE,1101,406,11734,1212,375,TRUE
7755_01,Jonard Mullericer,Mullericer,F,343,P,Egypt,Chad,48,FALSE,TRUE,294,1372,6212,1704,242,TRUE
6181_01,Dyonif Muspereed,Muspereed,E,91,P,Mongolia,China,42,FALSE,FALSE,1502,1345,3649,1010,67,TRUE
5575_01,Bares Nacke,Nacke,D,1097,P,Vietnam,Uganda,61,TRUE,TRUE,456,535,529,2766,615,FALSE
3497_01,Stsan Nad,Nad,F,417,P,Philippines,China,65,TRUE,TRUE,696,524,7279,1932,50,TRUE
3562_01,Cole Nad,Nad,H,603,S,Russia,Guinea,25,TRUE,FALSE,1366,32,1296,2694,626,FALSE
7713_01,Nusoton Nairconed,Nairconed,A,506,P,Ecuador,Canada,72,TRUE,TRUE,90,132,11898,2186,369,TRUE
4603_02,Kabih Namsheary,Namsheary,C,28,S,Colombia,New Zealand,54,TRUE,FALSE,1639,463,4305,691,7,TRUE
5487_01,Flams Nan,Nan,C,1152,P,China,Indonesia,55,FALSE,FALSE,814,829,8578,1960,236,FALSE
6744_04,Frus Nan,Nan,B,218,P,Slovenia,Costa Rica,35,FALSE,FALSE,463,1272,13340,471,618,TRUE
5875_01,Toddie Nasquez,Nasquez,A,636,S,Honduras,Uruguay,13,FALSE,TRUE,1028,348,11029,491,244,FALSE
7019_02,Kurta Nasquez,Nasquez,E,999,P,Sweden,Ukraine,65,FALSE,FALSE,1269,201,1335,1776,653,TRUE
7019_01,Fayen Nasquez,Nasquez,D,1329,P,Ethiopia,Indonesia,32,TRUE,FALSE,693,878,5172,2776,512,FALSE
7691_01,Jack Nate,Nate,D,1141,S,Bangladesh,Sweden,1,FALSE,TRUE,856,774,756,1119,485,FALSE
0512_01,Sadirak Nateansive,Nateansive,G,179,P,Vietnam,China,28,TRUE,TRUE,1603,1270,13497,1526,101,FALSE
3176_01,Ankalik Nateansive,Nateansive,C,867,P,Greece,Brazil,57,FALSE,FALSE,797,1131,1137,2773,284,FALSE
0512_02,Ankalik Nateansive,Nateansive,H,1324,P,Poland,Poland,78,FALSE,TRUE,675,1082,7691,1283,611,TRUE
1024_02,Myrace Nichaner,Nichaner,D,305,P,Peru,Colombia,74,FALSE,FALSE,1093,870,3487,970,494,TRUE
8252_02,Thondy Nieldsond,Nieldsond,G,649,S,Colombia,Poland,25,TRUE,FALSE,979,267,12635,773,330,TRUE
4158_01,Doryn Noeley,Noeley,G,107,P,Peru,China,49,TRUE,TRUE,1240,674,10989,806,463,TRUE
1433_01,Allene Noeley,Noeley,G,677,P,Croatia,Finland,54,TRUE,TRUE,1244,458,12611,1032,383,TRUE
5900_03,Gonut Nutca,Nutca,B,1065,S,United States,Portugal,35,FALSE,TRUE,802,364,12565,76,193,TRUE
5900_02,Fispot Nutca,Nutca,H,1353,P,Mongolia,Belarus,12,TRUE,TRUE,1483,1183,10336,259,196,FALSE
1536_01,Croo Nuthe,Nuthe,B,737,P,Poland,Indonesia,42,TRUE,FALSE,1628,755,14488,128,186,FALSE
1185_01,Alls Nutty,Nutty,D,284,P,Portugal,Russia,19,TRUE,FALSE,703,857,2344,692,505,FALSE
6934_01,Cats Nutty,Nutty,F,999,P,Madagascar,France,18,FALSE,TRUE,1548,595,888,2352,187,TRUE
2819_01,Stal Ocherman,Ocherman,B,173,S,Indonesia,China,31,FALSE,TRUE,1097,259,1518,967,408,FALSE
7767_01,Curtle Oconley,Oconley,B,7,P,Sweden,Macedonia,56,FALSE,FALSE,1112,1110,8182,1481,666,FALSE
0001_01,Maham Ofracculy,Ofracculy,G,430,S,Indonesia,Russia,36,FALSE,FALSE,917,797,10728,1398,626,TRUE
2327_01,Alyat Oidederval,Oidederval,F,88,S,France,Norway,7,TRUE,TRUE,1116,1374,9973,2624,409,TRUE
3485_03,Hamak Oillepint,Oillepint,F,773,P,Philippines,Albania,52,FALSE,FALSE,1157,1316,12205,1744,430,FALSE
3485_01,Algenif Oillepint,Oillepint,C,1251,P,Portugal,Thailand,30,FALSE,TRUE,1137,1287,4910,566,239,FALSE
8005_01,Thel Olivasquez,Olivasquez,F,1168,P,Indonesia,Philippines,27,FALSE,TRUE,572,460,10671,920,486,TRUE
4521_01,Jessa Oneidson,Oneidson,G,1005,S,Indonesia,Mongolia,9,FALSE,FALSE,680,16,14597,946,424,TRUE
0437_02,Debora Oneiles,Oneiles,A,1120,P,Zimbabwe,Honduras,59,TRUE,FALSE,983,305,6377,2955,365,TRUE
4529_01,Terald Oneiles,Oneiles,G,1307,S,China,Colombia,28,FALSE,FALSE,875,1131,6576,2411,422,FALSE
7770_01,Candyn Oneiles,Oneiles,C,277,S,Uganda,Ireland,64,FALSE,TRUE,1667,41,5679,14,390,FALSE
3318_02,Azhab Openduave,Openduave,D,904,S,Thailand,Japan,48,FALSE,FALSE,1040,1082,908,2755,68,FALSE
4176_02,Lidex Opité,Opité,E,1224,S,Hungary,Brazil,75,TRUE,FALSE,1519,148,11154,1681,390,TRUE
2019_02,Okulus Oppressive,Oppressive,B,536,S,China,South Africa,65,FALSE,FALSE,559,859,1383,2144,668,TRUE
9267_02,Sabi Opshaft,Opshaft,C,698,P,Mexico,Indonesia,19,FALSE,FALSE,310,268,9757,2753,693,FALSE
0600_01,Muonon Ormler,Ormler,C,877,S,Indonesia,United States,6,FALSE,FALSE,1360,16,13964,525,282,FALSE
2891_01,Gleney Ortinericey,Ortinericey,H,971,P,Peru,China,56,FALSE,TRUE,706,706,738,890,565,FALSE
7680_01,Baton Ousious,Ousious,C,525,P,China,Ireland,14,FALSE,TRUE,813,167,8309,1244,213,FALSE
2636_01,Idave Owerson,Owerson,B,643,P,China,China,73,FALSE,FALSE,1615,1081,1686,617,474,FALSE
5390_02,Mayne Owerson,Owerson,H,365,P,Indonesia,Greece,31,FALSE,FALSE,1235,48,13717,1819,252,FALSE
3862_01,Rohs Paie,Paie,C,505,P,Japan,Colombia,53,FALSE,TRUE,7,1156,8002,1550,106,TRUE
7650_05,Tera Palmes,Palmes,A,749,P,Netherlands,Ukraine,70,TRUE,FALSE,1617,1362,6823,2741,489,TRUE
1712_02,Cinets Pamca,Pamca,C,271,P,Bulgaria,Indonesia,61,TRUE,TRUE,1589,1178,4618,505,163,TRUE
1269_01,Gorn Pane,Pane,C,810,S,China,France,23,TRUE,TRUE,250,1371,12063,2325,240,TRUE
6305_01,Ankabit Parbleake,Parbleake,A,679,P,Indonesia,Lithuania,61,TRUE,TRUE,1023,1392,845,2787,316,FALSE
8344_02,Tops Pare,Pare,D,759,P,Germany,Thailand,32,FALSE,FALSE,1380,488,11184,1837,140,TRUE
4411_01,Alendy Parsoney,Parsoney,A,216,P,Russia,China,74,FALSE,TRUE,1655,1406,8319,927,189,FALSE
8812_01,Bar Part,Part,H,603,P,Argentina,Philippines,1,TRUE,TRUE,123,481,13807,2455,162,FALSE
3474_01,Weias Pasharne,Pasharne,F,517,S,China,France,48,FALSE,FALSE,400,886,5268,1263,170,TRUE
3219_01,Vuls Paska,Paska,C,1300,P,Russia,Japan,33,FALSE,FALSE,445,147,8402,1797,50,TRUE
5061_01,Furudah Patoetic,Patoetic,H,955,S,Serbia,Netherlands,38,FALSE,TRUE,883,859,12180,2582,623,FALSE
6863_01,Franda Patrichane,Patrichane,C,363,P,Czech Republic,Bosnia and Herzegovina,17,TRUE,FALSE,236,672,9340,2782,263,FALSE
7981_02,Shanie Paulllegory,Paulllegory,E,25,S,Angola,Nigeria,43,TRUE,TRUE,1623,1362,6988,81,444,FALSE
1690_01,Heryle Paulllegory,Paulllegory,E,229,P,Venezuela,China,79,TRUE,FALSE,788,1057,4342,187,354,FALSE
4635_01,Delley Pearsalason,Pearsalason,C,1033,P,Malaysia,Armenia,6,FALSE,TRUE,575,375,9051,2660,305,FALSE
4081_01,Patoya Penashley,Penashley,G,1158,S,United States,Kazakhstan,50,TRUE,TRUE,568,547,13918,2293,565,TRUE
9015_01,Nunkino Perable,Perable,D,663,P,Indonesia,Ukraine,72,FALSE,TRUE,116,1163,8044,1242,53,FALSE
8203_01,Altan Pernised,Pernised,B,97,S,Brazil,Peru,30,TRUE,TRUE,1090,1377,11658,1125,396,TRUE
8117_02,Caiamin Pernised,Pernised,B,1159,S,Indonesia,Brazil,28,TRUE,TRUE,605,1354,4871,918,398,FALSE
4774_04,Gicks Perty,Perty,G,1358,P,Russia,Russia,44,FALSE,FALSE,907,1281,2935,1663,253,FALSE
5097_01,Hughan Peterstarks,Peterstarks,H,663,P,Mexico,Mexico,21,TRUE,TRUE,253,1312,2371,2940,128,FALSE
3322_01,Man Philliames,Philliames,C,171,P,Ukraine,Tajikistan,27,TRUE,TRUE,544,304,6379,78,334,TRUE
6673_01,Sonnie Phillis,Phillis,F,795,S,Peru,Dominican Republic,42,TRUE,TRUE,655,332,3721,615,530,TRUE
0415_01,Iney Pierry,Pierry,E,1299,S,Bahrain,China,65,TRUE,TRUE,757,187,7072,1862,526,FALSE
0401_02,Parney Pimne,Pimne,F,928,S,Russia,Philippines,54,TRUE,FALSE,1051,1259,12711,1287,529,TRUE
4068_01,Dnocese Pirejus,Pirejus,H,400,P,Haiti,Panama,24,TRUE,FALSE,1702,592,4555,1450,5,TRUE
6118_02,Tyog Pité,Pité,C,1107,P,Costa Rica,Indonesia,38,TRUE,FALSE,804,428,14307,1619,356,FALSE
9127_01,Yola Pittler,Pittler,B,614,P,Philippines,Sweden,23,TRUE,FALSE,670,102,3829,2833,401,FALSE
6175_03,Vandy Pittler,Pittler,A,1056,P,Brazil,Poland,0,FALSE,TRUE,1075,1019,8972,351,413,FALSE
6756_02,Monah Pittson,Pittson,B,852,P,China,Russia,72,FALSE,TRUE,1548,979,5356,1648,480,TRUE
0885_02,Velyne Pittson,Pittson,H,47,S,Portugal,China,64,FALSE,FALSE,1679,436,4138,2389,530,FALSE
7277_01,Neila Pittson,Pittson,B,457,P,China,Japan,67,TRUE,TRUE,1273,1203,12622,1130,582,FALSE
5543_01,Hekaton Platch,Platch,G,449,P,Brazil,China,30,TRUE,FALSE,290,652,2362,1671,574,TRUE
4179_02,Alrais Pleele,Pleele,H,718,S,Indonesia,Palestinian Territory,53,TRUE,TRUE,401,328,3700,1606,667,FALSE
0417_01,Lesatik Poicaptic,Poicaptic,D,1262,P,Indonesia,Czech Republic,58,FALSE,TRUE,559,138,11406,79,698,FALSE
7097_04,Sulah Poilsive,Poilsive,G,211,P,Poland,United States,0,FALSE,TRUE,1197,1056,8353,892,333,FALSE
6254_01,Errak Pokeck,Pokeck,D,1036,S,Malaysia,Tanzania,6,FALSE,TRUE,1044,114,3985,28,570,FALSE
4049_01,Schyon Pokematic,Pokematic,G,884,S,Indonesia,China,19,TRUE,TRUE,425,872,8233,2066,649,TRUE
0839_01,Grumak Pokerheed,Pokerheed,C,161,S,Indonesia,China,15,FALSE,TRUE,380,9,6064,1312,184,FALSE
2909_01,Eddiey Polloantes,Polloantes,E,1211,P,Uganda,Poland,34,TRUE,FALSE,472,725,6713,2552,528,FALSE
5018_01,Shanie Pooles,Pooles,H,939,S,France,Ukraine,27,TRUE,FALSE,1525,1065,7590,1685,366,TRUE
1399_01,Hellia Popelase,Popelase,A,1088,P,Indonesia,Serbia,66,TRUE,FALSE,482,795,8661,2633,500,TRUE
2642_01,Violan Popez,Popez,A,1208,S,Philippines,Indonesia,78,FALSE,FALSE,1210,1021,13245,2360,482,TRUE
1818_01,Felia Portananney,Portananney,E,527,P,Indonesia,Pakistan,20,FALSE,TRUE,145,1000,10993,1621,378,FALSE
3149_01,Natha Portananney,Portananney,H,366,P,Czech Republic,Indonesia,8,TRUE,FALSE,1290,122,15200,2687,402,FALSE
8736_02,Tros Pota,Pota,H,10,P,China,Ireland,70,FALSE,FALSE,585,485,6977,713,627,FALSE
6253_01,Cinets Pota,Pota,G,164,S,Peru,Philippines,27,FALSE,TRUE,1152,954,1477,1389,47,TRUE
7650_03,Meline Potters,Potters,G,19,S,Indonesia,Ecuador,74,TRUE,FALSE,625,51,10712,2729,196,TRUE
3015_01,Dord Pottley,Pottley,E,332,P,United States,Iraq,70,TRUE,FALSE,1362,161,4591,1129,536,FALSE
9196_01,Tabdhib Poustive,Poustive,H,346,S,Iran,Belarus,58,FALSE,FALSE,1134,262,4197,2319,442,FALSE
9196_02,Majorab Poustive,Poustive,F,1359,S,Indonesia,Russia,69,FALSE,TRUE,1559,271,7423,2427,71,TRUE
1304_05,Moniey Powenoble,Powenoble,C,143,S,China,Thailand,55,TRUE,TRUE,674,88,13219,933,411,TRUE
1304_06,Margia Powenoble,Powenoble,D,540,S,China,China,77,TRUE,TRUE,747,771,13660,71,318,TRUE
7797_01,Paulie Powenoble,Powenoble,H,303,S,Somalia,Ecuador,77,TRUE,FALSE,608,473,7303,1636,206,FALSE
3641_02,Lilasa Powery,Powery,D,103,P,Ukraine,France,13,TRUE,FALSE,1276,479,10598,2927,659,TRUE
7565_02,Thaban Praded,Praded,C,763,S,Finland,Bahamas,39,FALSE,TRUE,1568,289,7063,2727,459,FALSE
4726_04,Hekabih Praugnox,Praugnox,B,1112,P,Indonesia,Indonesia,32,FALSE,FALSE,1722,1389,1465,706,669,FALSE
5362_01,Meratz Prearright,Prearright,B,166,P,Mexico,France,40,TRUE,TRUE,1730,991,13113,2530,330,TRUE
6028_01,Wasatz Preeldy,Preeldy,F,1070,S,Sri Lanka,Sweden,29,TRUE,FALSE,1720,103,13622,619,272,FALSE
6340_02,Anyonon Pressive,Pressive,C,669,P,Canada,Armenia,77,TRUE,FALSE,901,891,272,22,114,TRUE
1193_02,Solam Presstic,Presstic,A,5,S,China,Indonesia,32,FALSE,TRUE,1248,612,10542,1037,209,TRUE
5301_01,Altara Pretive,Pretive,C,356,S,Guatemala,Philippines,48,TRUE,TRUE,1317,459,14552,1636,617,FALSE
6760_01,Shex Pri,Pri,H,1325,P,Poland,China,19,FALSE,FALSE,1408,1255,4090,2032,117,FALSE
2150_01,Walley Prickmantes,Prickmantes,A,130,S,China,Philippines,77,FALSE,TRUE,878,764,14268,139,263,FALSE
3787_01,Sugard Prie,Prie,H,234,S,Indonesia,Dominican Republic,62,FALSE,TRUE,65,775,5627,1145,127,FALSE
5344_02,Dyonon Prieress,Prieress,H,837,P,Argentina,Greece,68,TRUE,TRUE,21,613,40,2670,609,FALSE
3282_01,Nasl Prighty,Prighty,D,1096,P,Sweden,Tanzania,8,FALSE,FALSE,1228,154,9044,217,220,FALSE
2736_01,Mark Prity,Prity,F,1224,P,Nicaragua,Mexico,11,TRUE,FALSE,48,353,12793,2418,537,TRUE
7210_01,Jonard Puckenton,Puckenton,A,1213,S,Mongolia,China,33,FALSE,FALSE,89,1381,12503,211,502,FALSE
1579_01,Rankie Pughanders,Pughanders,B,677,P,Kyrgyzstan,Brazil,49,FALSE,TRUE,1325,1200,1659,40,181,TRUE
2489_01,Alraida Purellliss,Purellliss,B,951,P,Indonesia,Poland,3,TRUE,FALSE,818,810,5752,501,415,TRUE
3040_01,Nilly Purle,Purle,A,1057,P,United States,Philippines,61,TRUE,FALSE,844,49,2767,734,282,TRUE
3711_03,Nios Quart,Quart,F,967,S,Indonesia,Indonesia,35,FALSE,FALSE,1367,971,14646,1731,488,FALSE
3872_01,Cupers Quart,Quart,C,1128,P,Japan,China,22,FALSE,FALSE,1734,966,13755,2394,660,FALSE
2137_03,Slig Queke,Queke,H,23,P,Yemen,Indonesia,68,TRUE,TRUE,826,130,5441,1884,89,TRUE
2631_01,Sealfs Queke,Queke,G,629,S,Dominican Republic,China,77,TRUE,TRUE,1594,167,11454,145,642,TRUE
1316_01,Sadrus Quelfly,Quelfly,G,545,S,Indonesia,Greenland,32,FALSE,TRUE,176,1186,8750,1438,379,TRUE
0193_01,Sps Raf,Raf,H,1082,P,Chile,Indonesia,25,FALSE,FALSE,893,103,1499,1057,136,TRUE
2788_01,Harlos Ramoran,Ramoran,H,1055,S,Portugal,Portugal,36,TRUE,FALSE,360,64,5624,504,119,TRUE
7175_01,Lulah Ramoran,Ramoran,H,1234,P,Canada,Poland,62,TRUE,TRUE,205,611,5558,2004,56,FALSE
8668_01,Mall Rapie,Rapie,G,289,S,Brazil,Indonesia,24,TRUE,FALSE,1318,89,10550,1364,466,TRUE
6792_01,Razzle Reate,Reate,A,458,P,Poland,China,77,TRUE,TRUE,1160,377,13551,2751,366,TRUE
3188_01,Mass Reau,Reau,F,1240,S,Brazil,Indonesia,19,TRUE,FALSE,749,143,5205,1638,182,FALSE
6139_05,Sinon Reedall,Reedall,G,921,P,Dominican Republic,Czech Republic,67,TRUE,FALSE,1115,1032,7356,310,170,TRUE
0769_01,Astrah Reeddommy,Reeddommy,H,518,P,Mexico,China,35,TRUE,FALSE,770,1048,6533,2703,635,FALSE
6372_04,Hadaton Reelest,Reelest,G,437,S,Peru,Brazil,9,FALSE,TRUE,107,493,2259,2290,223,TRUE
2887_01,Gabrie Reenez,Reenez,G,1244,S,Indonesia,Philippines,37,TRUE,FALSE,1273,1253,1366,2127,378,TRUE
7944_02,Alarkab Reewerpic,Reewerpic,G,861,P,Greece,Aland Islands,54,FALSE,FALSE,1538,268,2424,2177,494,TRUE
4409_01,Proxima Regmansidy,Regmansidy,H,1137,P,Thailand,Costa Rica,65,TRUE,FALSE,1665,214,11439,2124,336,TRUE
7104_01,Taurah Regmansidy,Regmansidy,H,720,P,China,Republic of the Congo,11,TRUE,FALSE,350,1376,6303,2059,512,FALSE
3353_03,Taurion Reming,Reming,D,573,S,Serbia,Azerbaijan,63,TRUE,FALSE,143,1246,7947,1489,512,TRUE
5663_01,Alsuud Ressing,Ressing,A,646,S,China,China,31,FALSE,FALSE,314,1009,12407,829,78,TRUE
8729_01,Alhaino Rewmid,Rewmid,D,1277,S,Japan,China,75,FALSE,FALSE,309,942,3166,2603,265,FALSE
4693_01,Atrino Rewmid,Rewmid,F,705,P,China,Philippines,46,FALSE,FALSE,1285,633,13756,1982,608,TRUE
0985_01,Dory Reyerson,Reyerson,A,255,S,Thailand,China,1,FALSE,TRUE,1661,1127,13705,375,544,FALSE
6344_01,Mariel Reynoldez,Reynoldez,G,650,P,China,Tanzania,27,FALSE,TRUE,302,1224,8605,2626,517,TRUE
0699_02,Flyros Rhuba,Rhuba,E,1019,P,Philippines,China,42,FALSE,TRUE,433,1286,11500,1418,619,FALSE
3095_01,Aarjel Rhuba,Rhuba,G,1327,P,Russia,Egypt,64,TRUE,TRUE,59,588,1979,1057,170,FALSE
5700_01,Coreen Ricks,Ricks,C,2,S,Sweden,China,57,FALSE,FALSE,123,347,11464,35,204,TRUE
2590_03,Judya River,River,E,156,S,Philippines,Argentina,16,TRUE,TRUE,51,1343,10099,2715,144,FALSE
7032_01,Dorie Roachez,Roachez,F,138,S,Netherlands,Sweden,20,FALSE,FALSE,160,419,14455,2446,540,FALSE
3728_01,Dianya Roachoanand,Roachoanand,H,973,S,Palestinian Territory,Philippines,54,TRUE,FALSE,142,78,3744,2372,525,FALSE
4107_01,Bobbyn Rocholton,Rocholton,A,951,S,United States,China,18,FALSE,TRUE,306,1179,3671,863,676,TRUE
5867_01,Noria Rocknight,Rocknight,G,1313,S,China,Indonesia,49,TRUE,FALSE,1355,556,8902,1562,316,FALSE
5451_01,Adrie Rodger,Rodger,E,313,S,Iraq,Brazil,24,TRUE,FALSE,1737,1039,10831,2190,650,TRUE
8318_02,Kie Ropie,Ropie,A,303,P,Indonesia,Russia,19,FALSE,TRUE,1353,422,11170,2695,67,FALSE
1865_06,Racyle Roses,Roses,H,849,S,Malaysia,China,8,FALSE,TRUE,173,1186,2951,1121,612,TRUE
1865_05,Terly Roses,Roses,F,266,S,Philippines,China,22,FALSE,TRUE,25,1374,1626,1294,481,FALSE
3937_01,Vanie Rossey,Rossey,E,1078,S,El Salvador,Indonesia,68,FALSE,TRUE,1369,1130,14506,2031,226,TRUE
3619_01,Tauva Roureed,Roureed,C,107,P,Gambia,Jamaica,75,FALSE,FALSE,1209,449,3221,2015,540,TRUE
8495_01,Zauri Rupent,Rupent,C,898,P,China,Finland,19,TRUE,TRUE,1277,1382,6253,124,572,FALSE
6047_01,Sanney Russon,Russon,F,579,S,China,China,26,FALSE,FALSE,656,564,14017,2391,357,FALSE
8570_01,Denny Russon,Russon,B,449,S,Philippines,China,23,FALSE,TRUE,1048,559,906,87,425,FALSE
7190_01,Lilace Rutler,Rutler,G,1089,S,Azerbaijan,Afghanistan,3,FALSE,TRUE,471,706,13701,1583,314,TRUE
4918_01,Andyn Ryanga,Ryanga,E,279,P,Philippines,Ukraine,72,TRUE,TRUE,962,827,8431,2060,21,TRUE
8288_02,Goleer Sache,Sache,A,97,S,Ivory Coast,Macedonia,46,TRUE,FALSE,1615,69,10981,1383,327,FALSE
0660_01,Leonyl Saley,Saley,B,973,S,Indonesia,United States,57,TRUE,TRUE,896,437,410,2680,513,FALSE
1670_01,Aleen Sancasey,Sancasey,E,176,P,France,Iran,29,FALSE,TRUE,825,692,3763,2098,402,FALSE
5829_01,Jona Sancasey,Sancasey,C,903,P,Russia,Moldova,52,TRUE,TRUE,869,467,6165,1883,413,TRUE
0636_02,Loresa Santantines,Santantines,F,487,P,South Africa,Czech Republic,44,TRUE,FALSE,1096,515,13332,1634,91,FALSE
1747_01,Line Santantines,Santantines,E,1333,S,United States,Czech Republic,19,TRUE,TRUE,1664,670,6267,2642,680,FALSE
6889_01,Sallie Santuez,Santuez,A,338,P,Indonesia,New Caledonia,54,TRUE,FALSE,1450,613,5260,1101,455,FALSE
5786_01,Alfrey Sarios,Sarios,D,117,P,Denmark,Portugal,52,FALSE,TRUE,759,98,8751,2366,132,FALSE
5776_01,Luise Saundez,Saundez,G,269,P,Philippines,Philippines,11,FALSE,TRUE,1345,363,3039,675,496,FALSE
0389_01,Elanda Savaraldez,Savaraldez,D,1137,P,Germany,China,28,TRUE,TRUE,1343,1116,15138,2236,558,TRUE
5176_01,Helle Sawyerson,Sawyerson,F,1047,S,Luxembourg,Saudi Arabia,48,FALSE,FALSE,1062,697,1091,2560,691,TRUE
0603_01,Lyny Scheron,Scheron,F,1039,P,Indonesia,Morocco,11,TRUE,FALSE,1465,1166,11297,1469,327,FALSE
8710_01,Frandy Scheron,Scheron,H,373,S,Indonesia,Brazil,44,FALSE,FALSE,1245,1415,3804,2261,265,FALSE
6339_01,Stanya Schmondez,Schmondez,C,586,S,Portugal,Iran,58,TRUE,TRUE,1712,437,4537,658,473,TRUE
6594_01,Jord Schmondez,Schmondez,C,167,P,Poland,United States,75,FALSE,TRUE,1072,1133,13953,1355,384,FALSE
6645_01,Lanedy Scotterkins,Scotterkins,H,65,P,Thailand,Indonesia,48,TRUE,TRUE,467,578,2745,2762,510,FALSE
7232_01,Auvair Seatearing,Seatearing,E,495,P,Kazakhstan,Mali,10,FALSE,TRUE,866,1301,323,2814,333,TRUE
7865_02,Kaffias Secont,Secont,H,1137,P,Yemen,United States,57,FALSE,TRUE,688,1391,2564,322,186,TRUE
3967_01,Ray Seen,Seen,D,1102,S,Poland,Indonesia,60,TRUE,TRUE,880,769,5043,2709,571,FALSE
7487_01,Jeanie Sellahaney,Sellahaney,C,1211,P,Brazil,China,59,FALSE,FALSE,1643,1404,854,35,563,FALSE
0702_01,Briane Sellahaney,Sellahaney,B,816,P,Brazil,Poland,11,FALSE,FALSE,119,334,2061,2259,77,TRUE
8753_01,Lynnee Sellentry,Sellentry,G,92,S,France,Indonesia,66,TRUE,FALSE,1286,1297,3175,2084,306,FALSE
8458_04,Tachib Sempreate,Sempreate,E,64,S,Argentina,Ukraine,78,TRUE,TRUE,1507,1054,9108,199,372,FALSE
6313_02,Salas Sempribly,Sempribly,B,1042,P,Portugal,Indonesia,26,FALSE,TRUE,190,537,990,1376,452,FALSE
2544_02,Alinon Sernator,Sernator,C,665,S,Germany,Philippines,56,TRUE,TRUE,961,461,8668,590,501,TRUE
6399_01,Dord Serry,Serry,E,201,S,Colombia,Philippines,77,FALSE,TRUE,1714,598,4162,1430,184,FALSE
6128_01,Samany Serry,Serry,F,72,P,Peru,France,13,TRUE,TRUE,1097,543,1809,2078,658,FALSE
6137_05,Loree Serry,Serry,D,779,P,China,Serbia,66,TRUE,FALSE,1097,1179,5928,639,528,TRUE
1524_01,Therie Shawforden,Shawforden,D,1223,S,Pakistan,Russia,68,TRUE,FALSE,1204,250,596,791,395,TRUE
5794_01,Winopus Shoeweely,Shoeweely,B,297,P,Czech Republic,Belarus,45,TRUE,TRUE,1424,544,12579,2136,391,FALSE
4210_02,Naosura Siccertful,Siccertful,B,533,P,China,Malaysia,4,FALSE,TRUE,714,7,1894,2765,168,TRUE
8222_02,Hock Sidie,Sidie,F,1345,S,Kenya,Finland,30,TRUE,FALSE,1702,37,12256,2664,312,TRUE
9076_01,Shawne Simonsents,Simonsents,C,86,S,Ukraine,China,19,FALSE,FALSE,1521,243,6630,2523,510,FALSE
5280_01,Elanda Simpsonks,Simpsonks,H,956,P,Philippines,Czech Republic,68,FALSE,FALSE,909,64,6124,781,692,FALSE
7524_01,Colly Simpsonks,Simpsonks,B,546,S,Japan,El Salvador,69,TRUE,FALSE,543,503,6977,625,249,FALSE
8539_01,Tance Simsey,Simsey,E,1196,S,Indonesia,China,52,TRUE,FALSE,74,1227,1076,1023,403,FALSE
9272_01,Ireene Simson,Simson,A,1111,S,Indonesia,Poland,68,FALSE,TRUE,878,667,10411,223,586,TRUE
3361_01,Ming Sinda,Sinda,H,1056,P,Colombia,China,40,FALSE,FALSE,1105,792,10552,1327,443,TRUE
6637_01,Tibers Sinda,Sinda,E,1221,S,Russia,Malaysia,26,FALSE,FALSE,1162,588,6510,937,450,TRUE
1769_01,Choney Sinda,Sinda,F,897,S,China,Indonesia,49,TRUE,FALSE,700,983,12893,914,60,FALSE
3361_04,Blers Sinda,Sinda,D,1146,P,Sweden,Russia,56,TRUE,FALSE,741,1081,12101,1361,154,TRUE
6630_01,Valex Singlents,Singlents,F,435,P,Vietnam,Dominican Republic,44,TRUE,FALSE,401,408,9066,2783,523,FALSE
2315_01,Murzima Singmage,Singmage,E,807,P,Macedonia,United States,18,TRUE,TRUE,203,1065,8691,2370,30,FALSE
0446_01,Hadira Singmage,Singmage,D,461,S,China,United States,63,FALSE,TRUE,285,528,6596,1240,658,FALSE
6092_01,Karlie Singtons,Singtons,C,131,S,China,Peru,10,FALSE,TRUE,345,787,13857,947,635,TRUE
7937_02,Sarino Skessid,Skessid,F,127,P,Sri Lanka,China,44,FALSE,FALSE,937,1292,7800,2221,298,FALSE
7937_01,Misadr Skessid,Skessid,E,618,P,Russia,Czech Republic,59,FALSE,FALSE,859,149,5190,1030,169,TRUE
1529_02,Krab Slable,Slable,G,995,P,Greece,China,12,TRUE,TRUE,1065,1015,12594,1775,538,TRUE
6674_03,Sheratz Slowatic,Slowatic,F,226,P,Russia,Zimbabwe,10,TRUE,TRUE,52,446,12437,2415,504,TRUE
7452_02,Mirfark Sloweber,Sloweber,D,477,S,China,Brazil,47,TRUE,TRUE,1494,101,7498,1443,154,FALSE
6957_01,Minoton Sloweber,Sloweber,C,103,P,Indonesia,United States,67,TRUE,TRUE,778,638,14759,1487,387,TRUE
7094_01,Preo Sloweber,Sloweber,G,346,S,Argentina,Poland,35,TRUE,TRUE,1523,1250,831,113,487,FALSE
4695_01,Cobix Snoff,Snoff,E,198,P,Costa Rica,Russia,33,FALSE,TRUE,824,179,846,1990,570,FALSE
2460_01,Man Solon,Solon,F,381,P,Indonesia,Cambodia,74,TRUE,FALSE,447,721,7395,1699,156,FALSE
7646_03,Alwaide Sometery,Sometery,A,1018,S,Japan,Portugal,59,TRUE,TRUE,1619,1153,5682,305,497,TRUE
0316_02,Beneba Sorbitter,Sorbitter,D,990,S,France,United States,6,FALSE,TRUE,917,1018,15153,2751,372,TRUE
1188_01,Genubi Sorticbar,Sorticbar,B,140,S,China,China,17,TRUE,FALSE,1594,49,6766,2825,387,TRUE
1511_03,Maham Spandisket,Spandisket,B,371,S,Denmark,China,38,TRUE,FALSE,62,890,2276,436,402,TRUE
1669_01,Flams Spane,Spane,E,1260,S,Russia,Russia,74,FALSE,FALSE,44,1411,10886,1874,656,TRUE
5506_01,Phecca Speedgear,Speedgear,C,55,P,Mexico,Palau,12,FALSE,TRUE,735,988,12482,1403,318,TRUE
3000_01,Therta Spencervan,Spencervan,F,393,S,China,China,22,TRUE,FALSE,581,1034,14898,373,589,FALSE
5844_01,Lavey Spencervan,Spencervan,B,592,P,Nigeria,Poland,79,FALSE,FALSE,1318,99,10135,2821,542,TRUE
3475_02,Caphirk Spoilling,Spoilling,B,916,S,South Korea,China,18,TRUE,TRUE,17,15,4749,2938,356,FALSE
8342_01,Tach Sprender,Sprender,D,1034,S,Portugal,Indonesia,9,TRUE,TRUE,751,631,9080,2245,589,FALSE
3490_01,Meropus Sprender,Sprender,E,28,S,Indonesia,Brazil,62,FALSE,FALSE,510,925,4170,445,56,TRUE
0463_01,Grats Staf,Staf,F,673,S,Sweden,Finland,73,TRUE,TRUE,644,527,3410,2900,57,FALSE
1844_03,Winia Stannondez,Stannondez,H,363,S,Philippines,Slovenia,0,TRUE,TRUE,1366,1382,3314,2809,348,TRUE
4770_02,Joyn Stantiagord,Stantiagord,D,625,S,China,Serbia,31,FALSE,FALSE,853,646,11682,2408,169,FALSE
8595_01,Froos Stche,Stche,A,1070,P,Japan,Colombia,76,FALSE,FALSE,45,662,13708,2397,212,FALSE
8264_01,Lifes Ste,Ste,G,204,P,China,China,76,TRUE,FALSE,324,1131,8852,1141,459,TRUE
5387_01,Guanch Ste,Ste,C,628,S,Mexico,China,25,TRUE,FALSE,1261,304,10423,921,281,TRUE
9211_01,Stendy Steelerettt,Steelerettt,H,522,S,Jamaica,Japan,9,TRUE,FALSE,988,1010,10643,1737,503,TRUE
4522_01,Belix Stephend,Stephend,F,285,S,China,Poland,27,FALSE,TRUE,1604,298,10386,1451,307,FALSE
4973_01,Paulie Stephendsey,Stephendsey,C,1299,P,China,China,1,FALSE,FALSE,1289,850,6285,2005,339,TRUE
2992_01,Dont Sterreray,Sterreray,F,937,P,Indonesia,Chile,14,TRUE,FALSE,455,715,6001,865,430,FALSE
6921_06,Azhah Stersetery,Stersetery,F,813,P,China,Portugal,18,FALSE,FALSE,440,442,12303,1305,172,FALSE
6921_03,Grum Stersetery,Stersetery,G,707,S,China,Honduras,9,FALSE,TRUE,151,1409,10992,2221,33,FALSE
3754_01,Naomin Sterson,Sterson,E,525,P,China,Indonesia,16,FALSE,FALSE,474,774,12171,2359,169,TRUE
4042_03,Canon Stewder,Stewder,G,609,P,Peru,China,62,TRUE,TRUE,121,579,13275,187,262,TRUE
6779_03,Tabanar Stioutody,Stioutody,A,946,S,Colombia,Czech Republic,79,FALSE,FALSE,290,123,2769,2248,634,FALSE
0527_02,Llat Stité,Stité,H,532,S,China,Indonesia,46,TRUE,TRUE,1329,325,13905,1236,314,FALSE
4542_02,Arrai Stracary,Stracary,A,206,S,Mali,Philippines,67,TRUE,FALSE,754,1366,4961,195,240,TRUE
6639_01,Nelsie Strony,Strony,D,636,S,Tajikistan,Indonesia,30,FALSE,FALSE,788,184,12598,1974,668,FALSE
7306_01,Toniel Stroyledgez,Stroyledgez,D,266,P,Indonesia,Indonesia,69,FALSE,TRUE,693,1181,8566,909,22,TRUE
7809_01,Guts Sty,Sty,G,1141,S,Mexico,Portugal,35,TRUE,FALSE,386,1234,1828,964,295,TRUE
8876_01,Mulkes Suarging,Suarging,C,1029,P,China,Panama,33,TRUE,TRUE,1661,418,6496,2919,338,TRUE
5278_01,Menkin Subateful,Subateful,D,1176,S,Colombia,China,2,TRUE,FALSE,1599,1008,9707,381,192,FALSE
0388_01,Fanna Sullones,Sullones,E,621,S,Ukraine,China,15,FALSE,FALSE,435,248,9169,2919,88,FALSE
1178_01,Walla Summington,Summington,D,476,S,Portugal,Philippines,6,FALSE,TRUE,646,214,9804,164,98,TRUE
2718_01,Quarkab Supred,Supred,A,317,S,Mongolia,Guatemala,18,TRUE,TRUE,1069,1401,12638,2358,455,FALSE
5642_01,Geonkaa Supred,Supred,F,1234,P,Indonesia,Indonesia,20,TRUE,TRUE,154,1007,13160,2686,118,FALSE
2477_02,Hasich Suptibler,Suptibler,E,253,P,China,Portugal,79,FALSE,TRUE,579,144,14047,955,113,TRUE
3213_01,Lucan Surry,Surry,D,476,S,China,Ukraine,68,TRUE,TRUE,516,704,9747,1918,70,FALSE
6911_01,Powhex Sutte,Sutte,D,430,S,Philippines,Peru,26,TRUE,FALSE,1576,62,13146,485,326,TRUE
3519_02,Kenny Swanardy,Swanardy,H,1185,S,Sweden,Indonesia,5,TRUE,TRUE,1571,877,5335,1645,497,TRUE
4413_01,Loria Sweekstarks,Sweekstarks,A,57,P,Australia,Armenia,29,FALSE,TRUE,477,1278,4378,1406,540,TRUE
0984_04,Lyde Sweekstarks,Sweekstarks,A,668,S,Russia,Indonesia,75,FALSE,TRUE,1169,1310,2395,1396,25,FALSE
6908_01,Sheleon Swinvul,Swinvul,A,378,P,France,Poland,0,FALSE,FALSE,1114,602,259,2567,339,FALSE
4563_01,Altanin Switud,Switud,E,948,S,Tanzania,China,60,TRUE,FALSE,785,722,34,1788,187,FALSE
7450_01,Armene Sykess,Sykess,E,288,S,Kazakhstan,Colombia,61,TRUE,TRUE,335,763,13847,1368,193,TRUE
1375_02,Gwendy Sykess,Sykess,A,1261,S,Philippines,China,41,FALSE,FALSE,800,569,14480,1137,364,TRUE
0223_01,Evan Sykess,Sykess,A,669,P,Mozambique,Nigeria,51,TRUE,TRUE,791,606,8066,1241,260,FALSE
3555_01,Gwendy Sykess,Sykess,C,999,P,Indonesia,Czech Republic,33,TRUE,TRUE,442,670,3928,1506,503,FALSE
6692_01,Sino Syncepul,Syncepul,E,403,S,Russia,Indonesia,30,TRUE,TRUE,1533,431,10750,2871,377,FALSE
6708_04,Elebi Sysilstict,Sysilstict,G,502,P,China,Poland,26,FALSE,FALSE,280,363,9870,623,279,FALSE
5927_03,Kraban Sysilstict,Sysilstict,H,1037,P,Czech Republic,China,64,TRUE,TRUE,964,363,11969,1882,404,TRUE
6708_03,Furuson Sysilstict,Sysilstict,F,859,P,Indonesia,Philippines,55,TRUE,TRUE,736,454,2901,2202,244,TRUE
9069_05,Mirfark Taketiatim,Taketiatim,D,392,P,Indonesia,Brazil,5,FALSE,FALSE,90,1318,161,2853,203,TRUE
7096_03,Aspica Tashal,Tashal,A,127,S,Brazil,Czech Republic,22,FALSE,FALSE,1194,947,8947,957,514,TRUE
8700_01,Mose Teake,Teake,H,1024,S,Azerbaijan,China,10,FALSE,TRUE,1274,1102,14192,2049,84,FALSE
2043_01,Goles Teake,Teake,D,1202,P,Poland,Portugal,36,FALSE,FALSE,891,367,6989,427,325,TRUE
1353_03,Cings Tepie,Tepie,D,167,P,China,Azerbaijan,68,FALSE,TRUE,409,751,7220,841,489,TRUE
1353_02,Beant Tepie,Tepie,E,1295,P,China,Poland,18,TRUE,FALSE,903,738,1666,1843,596,FALSE
4483_02,Fowoos Tepie,Tepie,E,966,S,Madagascar,Brazil,45,TRUE,TRUE,52,536,307,2577,443,TRUE
8119_02,Willey Tersimpson,Tersimpson,D,729,P,China,Russia,21,FALSE,FALSE,1134,399,9633,2442,359,TRUE
9124_01,Eggies Tert,Tert,D,630,P,Indonesia,China,75,TRUE,TRUE,878,557,9666,374,365,TRUE
1584_02,Ronne Thony,Thony,H,1243,P,Poland,Indonesia,32,TRUE,TRUE,1582,999,10916,752,265,FALSE
3653_01,Ally Thonyderson,Thonyderson,G,727,S,Brazil,China,12,TRUE,TRUE,552,252,5153,492,311,TRUE
8482_01,Lynnie Thonyderson,Thonyderson,E,1051,P,Greece,Spain,70,TRUE,TRUE,727,715,3900,304,505,FALSE
2701_01,Cliney Thorney,Thorney,C,259,S,China,Greece,13,FALSE,FALSE,300,690,7028,2305,387,FALSE
2306_04,Izarkab Ticiontral,Ticiontral,D,101,P,Mexico,Ukraine,48,FALSE,FALSE,369,680,9712,2719,641,TRUE
2798_01,Furudra Timleplet,Timleplet,D,662,S,Russia,Brazil,52,TRUE,FALSE,1411,28,1404,1152,97,TRUE
3927_01,Skyrmak Tionstious,Tionstious,F,1364,P,Kyrgyzstan,Russia,64,FALSE,TRUE,796,1239,14679,338,689,TRUE
3336_01,Heat Tirt,Tirt,F,54,S,Portugal,Brazil,3,TRUE,FALSE,1516,290,12236,2706,17,FALSE
4485_02,Mos Tirte,Tirte,H,330,P,Portugal,China,69,FALSE,TRUE,1185,88,8207,55,221,FALSE
4485_01,Rooses Tirte,Tirte,A,61,P,Costa Rica,Russia,32,FALSE,TRUE,720,3,6912,1393,178,TRUE
5230_01,Dow Tité,Tité,H,541,P,Philippines,Egypt,31,TRUE,TRUE,769,1293,12895,1406,384,FALSE
6405_03,Andary Toddleton,Toddleton,F,599,S,Portugal,Philippines,31,FALSE,TRUE,1493,847,1407,1476,384,TRUE
8954_01,Ianne Torrez,Torrez,F,408,P,Albania,Indonesia,12,FALSE,TRUE,1661,1053,8160,203,100,TRUE
1742_01,Anack Trad,Trad,D,447,S,Philippines,Canada,74,TRUE,TRUE,1620,164,8270,2716,243,TRUE
0570_01,Chard Tramsor,Tramsor,C,955,S,Russia,Syria,20,TRUE,TRUE,144,264,3688,2703,329,TRUE
5375_01,Scharab Tramsor,Tramsor,E,1180,S,China,China,59,TRUE,FALSE,416,454,8636,294,212,FALSE
9179_02,Hollie Tranciams,Tranciams,A,1345,P,Egypt,Portugal,26,FALSE,TRUE,385,774,14377,373,668,FALSE
3810_01,Tera Trankliney,Trankliney,H,1022,P,Sweden,Sweden,38,FALSE,TRUE,1105,446,11367,2033,11,FALSE
3713_03,Gollux Trattle,Trattle,C,1132,P,Colombia,Argentina,59,FALSE,TRUE,146,1296,2011,2166,651,TRUE
8723_01,Aleen Traverdy,Traverdy,G,92,S,China,Serbia,23,FALSE,TRUE,974,352,12784,1503,101,TRUE
9074_04,Duana Trerady,Trerady,E,920,S,China,Belarus,30,TRUE,FALSE,547,747,2413,1457,691,TRUE
9074_05,Fayel Trerady,Trerady,G,914,S,China,China,3,TRUE,TRUE,1216,389,1742,1937,96,TRUE
0796_01,Alatrix Unfile,Unfile,D,461,S,France,Netherlands,19,TRUE,FALSE,505,813,9041,1614,184,TRUE
8959_01,Wimps Unhearfus,Unhearfus,F,920,S,Indonesia,Indonesia,46,FALSE,TRUE,723,328,14399,1647,271,FALSE
8202_06,Sinon Unkcatted,Unkcatted,F,1092,S,Russia,Czech Republic,14,FALSE,FALSE,1356,1136,10492,43,470,FALSE
5839_01,Ranopus Unloweedic,Unloweedic,A,1163,P,Portugal,Argentina,33,FALSE,FALSE,1005,1048,345,2397,202,FALSE
0504_05,Azharga Unpasine,Unpasine,C,42,P,Sweden,China,21,FALSE,TRUE,227,896,13325,1921,685,TRUE
3480_01,Jacky Vales,Vales,C,191,S,China,China,39,TRUE,TRUE,66,1106,4980,2805,456,FALSE
8566_01,Ferry Valexandez,Valexandez,G,1083,S,Brazil,China,73,FALSE,FALSE,1604,193,10088,1766,236,FALSE
7679_01,Kyley Valezaley,Valezaley,G,702,S,Paraguay,Croatia,26,TRUE,FALSE,837,1182,4272,922,49,TRUE
0553_02,Gluinol Valindle,Valindle,D,61,S,Sweden,China,74,TRUE,FALSE,513,855,3908,469,159,TRUE
9141_01,Alraid Valing,Valing,F,1255,S,Greece,Nigeria,27,FALSE,TRUE,814,777,8895,1935,248,FALSE
2661_01,Leene Vandan,Vandan,A,1212,P,Bangladesh,China,47,TRUE,FALSE,1611,393,8217,2450,81,TRUE
2990_01,Gileen Vandez,Vandez,H,1182,S,South Africa,China,73,TRUE,TRUE,143,229,4123,1769,391,FALSE
2901_02,Loisey Vandez,Vandez,C,1114,S,Indonesia,Brazil,76,FALSE,FALSE,1405,414,13317,2315,589,FALSE
0488_01,Chery Vantonson,Vantonson,C,1105,S,China,China,42,TRUE,TRUE,356,484,9459,834,409,FALSE
4974_01,Thabih Vendeck,Vendeck,E,1067,P,Brazil,Afghanistan,70,TRUE,FALSE,1351,328,2103,2267,152,FALSE
2196_04,Alrairk Veriedeezy,Veriedeezy,A,1158,S,Papua New Guinea,Brazil,42,TRUE,FALSE,192,210,1488,2914,146,FALSE
8105_01,Shan Villenson,Villenson,E,480,S,Canada,Moldova,17,FALSE,FALSE,1504,1095,1566,2391,526,TRUE
0375_01,Luzel Vincenton,Vincenton,C,75,S,Armenia,Ivory Coast,63,TRUE,TRUE,1560,571,9174,1788,408,TRUE
2429_01,Idace Vinozarks,Vinozarks,C,384,P,Indonesia,Kosovo,24,FALSE,FALSE,1075,909,8489,200,293,FALSE
5626_01,Fayen Vinston,Vinston,A,775,S,New Zealand,Argentina,67,TRUE,TRUE,1278,185,4297,1945,611,TRUE
3932_01,Cint Vlate,Vlate,B,484,S,Poland,Portugal,68,TRUE,TRUE,1348,945,9248,1669,465,FALSE
3932_02,Fal Vlate,Vlate,H,669,P,Malawi,Japan,16,FALSE,TRUE,612,708,123,2482,655,FALSE
4402_01,Louisy Waderoachez,Waderoachez,H,297,P,Macedonia,Sierra Leone,52,FALSE,TRUE,688,964,13871,926,609,FALSE
8770_07,Raque Waderoachez,Waderoachez,G,100,S,Czech Republic,China,23,FALSE,FALSE,1342,144,6213,2710,123,FALSE
5645_01,Olly Wagnerray,Wagnerray,A,314,P,New Zealand,Indonesia,55,TRUE,FALSE,815,177,12062,2369,259,TRUE
0580_01,Guye Wagnerray,Wagnerray,E,1362,S,China,Indonesia,28,TRUE,TRUE,120,558,11714,1091,366,FALSE
7628_01,Hoces Wala,Wala,B,559,S,Indonesia,Colombia,71,TRUE,TRUE,625,270,13804,1955,679,TRUE
0863_02,Lynez Walkerez,Walkerez,B,221,S,Indonesia,China,6,TRUE,TRUE,1495,1122,11547,831,693,TRUE
0863_01,Jone Walkerez,Walkerez,B,177,S,Armenia,Poland,65,FALSE,FALSE,669,332,5458,1103,202,FALSE
4661_03,Fery Walston,Walston,G,377,S,Poland,Serbia,78,TRUE,TRUE,1432,803,14252,897,521,FALSE
6668_02,Craine Walston,Walston,C,230,P,Greece,China,59,TRUE,TRUE,1591,637,15230,1529,336,TRUE
5036_01,Robyny Walterson,Walterson,B,528,P,Canada,China,3,TRUE,FALSE,1236,552,6359,2944,542,TRUE
4358_01,Tonioe Waltonnedy,Waltonnedy,H,283,P,Poland,China,6,TRUE,TRUE,1287,132,12795,1016,219,TRUE
7069_03,Ericky Waltonnedy,Waltonnedy,A,1195,S,Indonesia,Ireland,69,TRUE,FALSE,922,17,7711,2748,477,TRUE
2672_01,Lillia Waltonson,Waltonson,H,391,P,Russia,China,74,FALSE,FALSE,872,789,9329,1132,604,TRUE
7171_01,Stancy Wardendez,Wardendez,C,1143,S,Brazil,Denmark,40,TRUE,FALSE,1491,410,1676,1883,260,FALSE
0704_01,Adanne Wartyson,Wartyson,G,911,P,China,Kosovo,51,FALSE,TRUE,1305,1384,9690,155,584,TRUE
4975_01,Olgary Wartyson,Wartyson,C,1100,S,Philippines,Botswana,7,TRUE,TRUE,80,748,6877,2439,442,FALSE
1004_01,Aldun Wassird,Wassird,A,1023,S,United States,Hungary,31,FALSE,FALSE,1222,1376,6933,672,63,TRUE
4585_01,Skatz Wasterivel,Wasterivel,H,100,S,Thailand,China,78,TRUE,FALSE,126,1111,12375,2653,581,FALSE
3913_01,Catha Waterson,Waterson,A,777,S,Ukraine,Philippines,68,FALSE,TRUE,350,993,9518,818,272,TRUE
4156_01,Millia Watkinsley,Watkinsley,F,971,P,Portugal,China,65,TRUE,FALSE,15,283,13557,2036,167,TRUE
1668_01,Millia Watsongley,Watsongley,C,659,S,Indonesia,Greece,73,TRUE,TRUE,421,1241,14644,1955,332,TRUE
4244_01,Yvetta Weaverays,Weaverays,E,998,S,Peru,Jordan,21,FALSE,TRUE,1645,908,4576,96,358,FALSE
7903_01,Ricard Weberton,Weberton,A,1223,S,Russia,Greece,20,TRUE,TRUE,420,520,12391,2739,5,TRUE
1018_01,Elaney Webstephrey,Webstephrey,G,1132,P,Peru,Kazakhstan,7,FALSE,TRUE,1606,1354,760,299,156,TRUE
3467_01,Feryla Webstephrey,Webstephrey,B,1039,P,Afghanistan,China,69,TRUE,FALSE,119,246,4815,2590,75,TRUE
1950_01,Tonyn Welles,Welles,F,993,S,China,Indonesia,13,TRUE,FALSE,652,29,2870,492,184,FALSE
8612_01,Carlen Welles,Welles,A,1103,P,Russia,China,54,FALSE,FALSE,138,1002,10441,84,521,FALSE
2347_05,Lewise Wellierras,Wellierras,C,854,S,Vietnam,France,61,FALSE,TRUE,1215,1093,8287,595,201,FALSE
7573_01,Teryla Welltonces,Welltonces,A,1278,S,Myanmar,Indonesia,64,TRUE,FALSE,1111,962,4019,1459,505,FALSE
5431_01,Joycey Wheelez,Wheelez,D,528,S,Indonesia,United States,53,FALSE,TRUE,1474,932,6900,2304,21,TRUE
3279_01,Mard Whifounrew,Whifounrew,F,277,P,Papua New Guinea,Philippines,8,FALSE,FALSE,68,12,3654,983,698,TRUE
2682_01,Berty Whiters,Whiters,B,1202,S,Indonesia,United States,76,FALSE,TRUE,1472,146,4364,786,49,FALSE
8824_01,Ruthy Whiters,Whiters,E,555,P,Honduras,China,7,FALSE,FALSE,227,1251,5282,499,430,TRUE
3530_01,Besse Whitez,Whitez,C,538,S,France,China,61,TRUE,FALSE,1309,1381,14803,1578,511,TRUE
6182_01,Jillie Whitledges,Whitledges,A,664,S,Czech Republic,Indonesia,16,FALSE,FALSE,498,858,11438,106,238,TRUE
8138_01,Nica Whitneyes,Whitneyes,G,870,P,United States,China,4,TRUE,FALSE,929,1067,12537,812,17,FALSE
0983_01,Teremy Wiggs,Wiggs,D,1182,S,France,Thailand,70,TRUE,FALSE,43,442,913,2714,335,FALSE
4555_01,Claine Wiggs,Wiggs,G,1080,S,Portugal,China,47,FALSE,FALSE,537,873,14915,935,652,FALSE
1086_03,Fany Willangsey,Willangsey,G,538,P,China,Colombia,74,FALSE,FALSE,1238,1328,10165,1024,429,TRUE
3928_01,Anchird Witeronfus,Witeronfus,D,355,P,Philippines,Norway,31,FALSE,FALSE,1672,1280,3616,896,77,TRUE
4006_03,Vick Wolfaddox,Wolfaddox,C,1212,P,China,France,63,FALSE,FALSE,168,418,11362,1388,212,TRUE
5662_02,Karia Wolferguson,Wolferguson,D,7,P,Russia,Egypt,39,FALSE,TRUE,1318,94,5288,1425,660,TRUE
6920_01,Verek Wolferguson,Wolferguson,G,141,P,Vietnam,Chile,59,TRUE,TRUE,1712,547,8212,1050,393,FALSE
3032_04,Ritany Wolfernan,Wolfernan,H,975,S,Indonesia,France,50,FALSE,TRUE,572,355,14934,2521,27,TRUE
9115_01,Chesty Wolffy,Wolffy,G,772,P,Indonesia,Poland,11,FALSE,TRUE,748,1005,13500,1406,421,FALSE
1651_03,Deanny Wonglasquez,Wonglasquez,D,1212,P,Indonesia,Indonesia,17,FALSE,TRUE,415,309,6548,233,84,FALSE
0581_01,Chael Woodgezalez,Woodgezalez,E,326,P,Samoa,Philippines,49,FALSE,TRUE,214,1214,7978,92,474,FALSE
6316_01,Lynez Woodwinton,Woodwinton,F,734,P,France,Nigeria,41,TRUE,FALSE,512,310,8346,623,470,TRUE
8049_01,Bonya Workmans,Workmans,F,950,S,Poland,Indonesia,24,FALSE,TRUE,910,1030,13590,1573,282,FALSE
2075_01,Janne Yatters,Yatters,F,87,P,Poland,China,39,FALSE,FALSE,428,1243,2836,2930,94,TRUE
0618_01,Philda Yorkland,Yorkland,F,353,P,Honduras,Brazil,46,FALSE,TRUE,997,178,4144,1610,558,FALSE
3328_01,Rena Yorkland,Yorkland,A,653,P,China,China,9,FALSE,TRUE,1278,672,6134,1336,659,FALSE
0618_02,Troyce Yorkland,Yorkland,H,80,S,Bosnia and Herzegovina,Sweden,77,TRUE,FALSE,683,612,14521,2487,298,TRUE
